Workbook

Sheet Performance Mail
R1: 17
R2: 31
D5: Performance Sheep Aug 26
D6: Data 1 - 17 Aug 2026 | G6: =SUM(G8:G10) -> 3049305.8 | H6: =SUM(H8:H10) -> 2776 | I6: =SUM(I8:I10) -> 1739236.5 | J6: =I6/G6 -> 0.57037131 | K6: =SUM(K8:K10) -> 3171549 | L6: =SUM(L8:L10) -> 2511632.8 | M6: =K6/G6 -> 1.0400889 | N6: =(K6-L6)/L6 -> 0.26274393
F7: Regional | G7: Target | H7: QTY | I7: Net Amount | J7: % Ach | K7: RR Net Amount | L7: Jul | M7: % RR Ach | N7: %MOM
F8: BMA | G8: =SUMIF($E$14:$E$28,F8,G$14:G$28) -> 1512743.2 | H8: =SUMIF($E$14:$E$28,F8,H$14:H$28) -> 1597 | I8: =SUMIF($E$14:$E$28,F8,I$14:I$28) -> 912308.3 | J8: =I8/G8 -> 0.60308208 | K8: =SUMIF($E$14:$E$28,F8,K$14:K$28) -> 1663621 | L8: =SUMIF($E$14:$E$28,F8,L$14:L$28) -> 1357173.7 | M8: =K8/G8 -> 1.0997379 | N8: =(K8-L8)/L8 -> 0.22579816
F9: UPC I | G9: =SUMIF($E$14:$E$28,F9,G$14:G$28) -> 625961.26 | H9: =SUMIF($E$14:$E$28,F9,H$14:H$28) -> 453 | I9: =SUMIF($E$14:$E$28,F9,I$14:I$28) -> 315025.25 | J9: =I9/G9 -> 0.50326637 | K9: =SUMIF($E$14:$E$28,F9,K$14:K$28) -> 574457.81 | L9: =SUMIF($E$14:$E$28,F9,L$14:L$28) -> 422407.3 | M9: =K9/G9 -> 0.91772102 | N9: =(K9-L9)/L9 -> 0.35996184
F10: UPC II | G10: =SUMIF($E$14:$E$28,F10,G$14:G$28) -> 910601.36 | H10: =SUMIF($E$14:$E$28,F10,H$14:H$28) -> 726 | I10: =SUMIF($E$14:$E$28,F10,I$14:I$28) -> 511903 | J10: =I10/G10 -> 0.56215927 | K10: =SUMIF($E$14:$E$28,F10,K$14:K$28) -> 933470.18 | L10: =SUMIF($E$14:$E$28,F10,L$14:L$28) -> 732051.75 | M10: =K10/G10 -> 1.025114 | N10: =(K10-L10)/L10 -> 0.27514233
G12: =SUM(G14:G28) -> 3049305.8 | H12: =SUM(H14:H28) -> 2776 | I12: =SUM(I14:I28) -> 1739236.5 | J12: =I12/G12 -> 0.57037131 | K12: =SUM(K14:K28) -> 3171549 | L12: =SUM(L14:L28) -> 2511632.8 | M12: =K12/G12 -> 1.0400889 | N12: =(K12-L12)/L12 -> 0.26274393
F13: Area | G13: Target | H13: QTY | I13: Net Amount | J13: % Ach | K13: RR Net Amount | L13: Jul | M13: % RR Ach | N13: %MOM
E14: BMA | F14: BMA I - North West | G14: =SUMIF($F$33:$F$130,F14,G$33:G$130) -> 343719.15 | H14: =SUMIF($F$33:$F$130,F14,H$33:H$130) -> 285 | I14: =SUMIF($F$33:$F$130,F14,I$33:I$130) -> 185333.45 | J14: =I14/G14 -> 0.53920025 | K14: =SUMIF($F$33:$F$130,F14,K$33:K$130) -> 337961 | L14: =SUMIF($F$33:$F$133,F14,L$33:L$133) -> 245427.25 | M14: =K14/G14 -> 0.98324752 | N14: =(K14-L14)/L14 -> 0.37703127
E15: BMA | F15: BMA II - South West | G15: =SUMIF($F$33:$F$130,F15,G$33:G$130) -> 226470.91 | H15: =SUMIF($F$33:$F$130,F15,H$33:H$130) -> 160 | I15: =SUMIF($F$33:$F$130,F15,I$33:I$130) -> 95289.05 | J15: =I15/G15 -> 0.42075625 | K15: =SUMIF($F$33:$F$130,F15,K$33:K$130) -> 173762.39 | L15: =SUMIF($F$33:$F$133,F15,L$33:L$133) -> 140050.15 | M15: =K15/G15 -> 0.76726139 | N15: =(K15-L15)/L15 -> 0.24071545
E16: BMA | F16: BMA III - North East | G16: =SUMIF($F$33:$F$130,F16,G$33:G$130) -> 234942.4 | H16: =SUMIF($F$33:$F$130,F16,H$33:H$130) -> 357 | I16: =SUMIF($F$33:$F$130,F16,I$33:I$130) -> 200966.25 | J16: =I16/G16 -> 0.85538519 | K16: =SUMIF($F$33:$F$130,F16,K$33:K$130) -> 366467.87 | L16: =SUMIF($F$33:$F$133,F16,L$33:L$133) -> 252371 | M16: =K16/G16 -> 1.5598201 | N16: =(K16-L16)/L16 -> 0.45209976
E17: BMA | F17: BMA IV - South East | G17: =SUMIF($F$33:$F$130,F17,G$33:G$130) -> 225274.17 | H17: =SUMIF($F$33:$F$130,F17,H$33:H$130) -> 224 | I17: =SUMIF($F$33:$F$130,F17,I$33:I$130) -> 140351.1 | J17: =I17/G17 -> 0.62302349 | K17: =SUMIF($F$33:$F$130,F17,K$33:K$130) -> 255934.36 | L17: =SUMIF($F$33:$F$133,F17,L$33:L$133) -> 190526 | M17: =K17/G17 -> 1.1361017 | N17: =(K17-L17)/L17 -> 0.34330411
E18: BMA | F18: BMA V - Central | G18: =SUMIF($F$33:$F$130,F18,G$33:G$130) -> 482336.55 | H18: =SUMIF($F$33:$F$130,F18,H$33:H$130) -> 571 | I18: =SUMIF($F$33:$F$130,F18,I$33:I$130) -> 290368.45 | J18: =I18/G18 -> 0.60200383 | K18: =SUMIF($F$33:$F$130,F18,K$33:K$130) -> 529495.41 | L18: =SUMIF($F$33:$F$133,F18,L$33:L$133) -> 528799.3 | M18: =K18/G18 -> 1.0977717 | N18: =(K18-L18)/L18 -> 0.0013163951
E19: UPC II | F19: UPC - Central | G19: =SUMIF($F$33:$F$130,F19,G$33:G$130) -> 174261.65 | H19: =SUMIF($F$33:$F$130,F19,H$33:H$130) -> 88 | I19: =SUMIF($F$33:$F$130,F19,I$33:I$130) -> 65524 | J19: =I19/G19 -> 0.3760093 | K19: =SUMIF($F$33:$F$130,F19,K$33:K$130) -> 119484.94 | L19: =SUMIF($F$33:$F$133,F19,L$33:L$133) -> 114381.3 | M19: =K19/G19 -> 0.68566403 | N19: =(K19-L19)/L19 -> 0.044619542
E20: UPC I | F20: UPC - Central Northeast | G20: =SUMIF($F$33:$F$130,F20,G$33:G$130) -> 81007.52 | H20: =SUMIF($F$33:$F$130,F20,H$33:H$130) -> 68 | I20: =SUMIF($F$33:$F$130,F20,I$33:I$130) -> 50718 | J20: =I20/G20 -> 0.62609002 | K20: =SUMIF($F$33:$F$130,F20,K$33:K$130) -> 92485.765 | L20: =SUMIF($F$33:$F$133,F20,L$33:L$133) -> 76846 | M20: =K20/G20 -> 1.1416936 | N20: =(K20-L20)/L20 -> 0.20352087
E21: UPC II | F21: UPC - East | G21: =SUMIF($F$33:$F$130,F21,G$33:G$130) -> 286063.99 | H21: =SUMIF($F$33:$F$130,F21,H$33:H$130) -> 243 | I21: =SUMIF($F$33:$F$130,F21,I$33:I$130) -> 173455.8 | J21: =I21/G21 -> 0.60635314 | K21: =SUMIF($F$33:$F$130,F21,K$33:K$130) -> 316301.75 | L21: =SUMIF($F$33:$F$133,F21,L$33:L$133) -> 266825.75 | M21: =K21/G21 -> 1.1057028 | N21: =(K21-L21)/L21 -> 0.18542439
E22: UPC I | F22: UPC - Lower North | G22: =SUMIF($F$33:$F$130,F22,G$33:G$130) -> 64072.118 | H22: =SUMIF($F$33:$F$130,F22,H$33:H$130) -> 45 | I22: =SUMIF($F$33:$F$130,F22,I$33:I$130) -> 33486 | J22: =I22/G22 -> 0.52262982 | K22: =SUMIF($F$33:$F$130,F22,K$33:K$130) -> 61062.706 | L22: =SUMIF($F$33:$F$133,F22,L$33:L$133) -> 47607.05 | M22: =K22/G22 -> 0.95303086 | N22: =(K22-L22)/L22 -> 0.28263998
E23: UPC I | F23: UPC - Lower Northeast | G23: =SUMIF($F$33:$F$130,F23,G$33:G$130) -> 139447.61 | H23: =SUMIF($F$33:$F$130,F23,H$33:H$130) -> 126 | I23: =SUMIF($F$33:$F$130,F23,I$33:I$130) -> 88344.6 | J23: =I23/G23 -> 0.63353256 | K23: =SUMIF($F$33:$F$130,F23,K$33:K$130) -> 161098.98 | L23: =SUMIF($F$33:$F$133,F23,L$33:L$133) -> 100315.05 | M23: =K23/G23 -> 1.1552653 | N23: =(K23-L23)/L23 -> 0.60593028
E24: UPC II | F24: UPC - Lower South | G24: =SUMIF($F$33:$F$130,F24,G$33:G$130) -> 93205.73 | H24: =SUMIF($F$33:$F$130,F24,H$33:H$130) -> 46 | I24: =SUMIF($F$33:$F$130,F24,I$33:I$130) -> 30894 | J24: =I24/G24 -> 0.33146031 | K24: =SUMIF($F$33:$F$130,F24,K$33:K$130) -> 56336.118 | L24: =SUMIF($F$33:$F$133,F24,L$33:L$133) -> 65320 | M24: =K24/G24 -> 0.60442762 | N24: =(K24-L24)/L24 -> -0.13753647
E25: UPC I | F25: UPC - Upper North | G25: =SUMIF($F$33:$F$130,F25,G$33:G$130) -> 196935.86 | H25: =SUMIF($F$33:$F$130,F25,H$33:H$130) -> 107 | I25: =SUMIF($F$33:$F$130,F25,I$33:I$130) -> 68959 | J25: =I25/G25 -> 0.35015969 | K25: =SUMIF($F$33:$F$130,F25,K$33:K$130) -> 125748.76 | L25: =SUMIF($F$33:$F$133,F25,L$33:L$133) -> 95995 | M25: =K25/G25 -> 0.63852649 | N25: =(K25-L25)/L25 -> 0.30995119
... E28: UPC II | F28: UPC - West | G28: =SUMIF($F$33:$F$130,F28,G$33:G$130) -> 184766.57 | H28: =SUMIF($F$33:$F$130,F28,H$33:H$130) -> 185 | I28: =SUMIF($F$33:$F$130,F28,I$33:I$130) -> 127256.95 | J28: =I28/G28 -> 0.68874446 | K28: =SUMIF($F$33:$F$130,F28,K$33:K$130) -> 232056.79 | L28: =SUMIF($F$33:$F$133,F28,L$33:L$133) -> 140501.5 | M28: =K28/G28 -> 1.2559458 | N28: =(K28-L28)/L28 -> 0.65163213
G31: =SUM(G33:G130) -> 3049305.8 | H31: =SUM(H33:H130) -> 2776 | I31: =SUM(I33:I130) -> 1739236.6 | J31: =I31/G31 -> 0.57037131 | K31: =SUM(K33:K130) -> 3171549 | L31: =SUM(L33:L140) -> 2511632.8 | M31: =K31/G31 -> 1.0400889 | N31: =(K31-L31)/L31 -> 0.26274393
A32: Rank | B32: Regional I | C32: Type Shop | D32: Shop Code | E32: Shop Name | F32: Area | G32: Target | H32: QTY | I32: Net Amount | J32: % Ach | K32: RR Net Amount | L32: Jul | M32: % RR Ach | N32: %MOM
A33: =RANK(J33,J$33:J$127) -> 1 | D33: 80101706 | E33: True Shop Fashion Island (D) | F33: BMA III - North East | G33: 10000 | H33: =IFERROR(VLOOKUP(D33,'PV Sheep mail'!E$4:G$99000,2,0),0) -> 27 | I33: =IFERROR(VLOOKUP(D33,'PV Sheep mail'!E$4:G$99000,3,0),0) -> 16930 | J33: =IFERROR(I33/G33,0) -> 1.693 | K33: =(I33/$R$1)*$R$2 -> 30872.353 | L33: 0 | M33: =IFERROR(K33/G33,0) -> 3.0872353 | N33: =IFERROR((K33-L33)/L33,0) -> 0
A34: =RANK(J34,J$33:J$127) -> 2 | D34: 80101697 | E34: True Shop Central Udon Thani (D) | F34: UPC - Upper Northeast | G34: 10890.788 | H34: =IFERROR(VLOOKUP(D34,'PV Sheep mail'!E$4:G$99000,2,0),0) -> 21 | I34: =IFERROR(VLOOKUP(D34,'PV Sheep mail'!E$4:G$99000,3,0),0) -> 17149 | J34: =IFERROR(I34/G34,0) -> 1.5746335 | K34: =(I34/$R$1)*$R$2 -> 31271.706 | L34: 17207.05 | M34: =IFERROR(K34/G34,0) -> 2.8713905 | N34: =IFERROR((K34-L34)/L34,0) -> 0.81737752
A35: =RANK(J35,J$33:J$127) -> 3 | D35: 80101705 | E35: True Shop Central Plaza Suratthani (D) | F35: UPC - Upper South | G35: 11481.969 | H35: =IFERROR(VLOOKUP(D35,'PV Sheep mail'!E$4:G$99000,2,0),0) -> 21 | I35: =IFERROR(VLOOKUP(D35,'PV Sheep mail'!E$4:G$99000,3,0),0) -> 17008 | J35: =IFERROR(I35/G35,0) -> 1.481279 | K35: =(I35/$R$1)*$R$2 -> 31014.588 | L35: 19620 | M35: =IFERROR(K35/G35,0) -> 2.7011559 | N35: =IFERROR((K35-L35)/L35,0) -> 0.58076393
A36: =RANK(J36,J$33:J$127) -> 4 | D36: 80101693 | E36: True Shop Central Plaza Mahachai (D) | F36: UPC - West | G36: 10000 | H36: =IFERROR(VLOOKUP(D36,'PV Sheep mail'!E$4:G$99000,2,0),0) -> 21 | I36: =IFERROR(VLOOKUP(D36,'PV Sheep mail'!E$4:G$99000,3,0),0) -> 14321.5 | J36: =IFERROR(I36/G36,0) -> 1.43215 | K36: =(I36/$R$1)*$R$2 -> 26115.676 | L36: 10887.5 | M36: =IFERROR(K36/G36,0) -> 2.6115676 | N36: =IFERROR((K36-L36)/L36,0) -> 1.3986844
A37: =RANK(J37,J$33:J$127) -> 5 | D37: 80101712 | E37: True Shop Central Plaza Ubon Ratchathani (D) | F37: UPC - Central Northeast | G37: 10000 | H37: =IFERROR(VLOOKUP(D37,'PV Sheep mail'!E$4:G$99000,2,0),0) -> 18 | I37: =IFERROR(VLOOKUP(D37,'PV Sheep mail'!E$4:G$99000,3,0),0) -> 13320 | J37: =IFERROR(I37/G37,0) -> 1.332 | K37: =(I37/$R$1)*$R$2 -> 24289.412 | L37: 22012 | M37: =IFERROR(K37/G37,0) -> 2.4289412 | N37: =IFERROR((K37-L37)/L37,0) -> 0.10346228
A38: =RANK(J38,J$33:J$127) -> 6 | D38: 80101698 | E38: True Shop Central West Gate (D) | F38: BMA I - North West | G38: 10000 | H38: =IFERROR(VLOOKUP(D38,'PV Sheep mail'!E$4:G$99000,2,0),0) -> 17 | I38: =IFERROR(VLOOKUP(D38,'PV Sheep mail'!E$4:G$99000,3,0),0) -> 11789 | J38: =IFERROR(I38/G38,0) -> 1.1789 | K38: =(I38/$R$1)*$R$2 -> 21497.588 | L38: 0 | M38: =IFERROR(K38/G38,0) -> 2.1497588 | N38: =IFERROR((K38-L38)/L38,0) -> 0
A39: =RANK(J39,J$33:J$127) -> 7 | D39: 80101713 | E39: True Shop Central Northville | F39: BMA I - North West | G39: 20918.786 | H39: =IFERROR(VLOOKUP(D39,'PV Sheep mail'!E$4:G$99000,2,0),0) -> 33 | I39: =IFERROR(VLOOKUP(D39,'PV Sheep mail'!E$4:G$99000,3,0),0) -> 24432.1 | J39: =IFERROR(I39/G39,0) -> 1.1679502 | K39: =(I39/$R$1)*$R$2 -> 44552.653 | L39: 18678 | M39: =IFERROR(K39/G39,0) -> 2.1297916 | N39: =IFERROR((K39-L39)/L39,0) -> 1.385301
A40: =RANK(J40,J$33:J$127) -> 8 | B40: UPC II | C40: Matching | D40: 80101647 | E40: True Shop Central Krabi | F40: UPC - Upper South | G40: 16629.709 | H40: =IFERROR(VLOOKUP(D40,'PV Sheep mail'!E$4:G$99000,2,0),0) -> 28 | I40: =IFERROR(VLOOKUP(D40,'PV Sheep mail'!E$4:G$99000,3,0),0) -> 19291 | J40: =IFERROR(I40/G40,0) -> 1.1600323 | K40: =(I40/$R$1)*$R$2 -> 35177.706 | L40: 17632.05 | M40: =IFERROR(K40/G40,0) -> 2.1153531 | N40: =IFERROR((K40-L40)/L40,0) -> 0.99510017
A41: =RANK(J41,J$33:J$127) -> 9 | B41: BMA | C41: Matching | D41: 80101391 | E41: True Shop Central Chanthaburi | F41: UPC - East | G41: 45000 | H41: =IFERROR(VLOOKUP(D41,'PV Sheep mail'!E$4:G$99000,2,0),0) -> 75 | I41: =IFERROR(VLOOKUP(D41,'PV Sheep mail'!E$4:G$99000,3,0),0) -> 51283.05 | J41: =IFERROR(I41/G41,0) -> 1.1396233 | K41: =(I41/$R$1)*$R$2 -> 93516.15 | L41: 76911 | M41: =IFERROR(K41/G41,0) -> 2.0781367 | N41: =IFERROR((K41-L41)/L41,0) -> 0.21590085
A42: =RANK(J42,J$33:J$127) -> 10 | B42: BMA | C42: Non matching | D42: 80101303 | E42: True Shop Robinson Roi-Et | F42: UPC - Central Northeast | G42: 21248.24 | H42: =IFERROR(VLOOKUP(D42,'PV Sheep mail'!E$4:G$99000,2,0),0) -> 31 | I42: =IFERROR(VLOOKUP(D42,'PV Sheep mail'!E$4:G$99000,3,0),0) -> 22379 | J42: =IFERROR(I42/G42,0) -> 1.0532166 | K42: =(I42/$R$1)*$R$2 -> 40808.765 | L42: 23847 | M42: =IFERROR(K42/G42,0) -> 1.9205715 | N42: =IFERROR((K42-L42)/L42,0) -> 0.71127457
A43: =RANK(J43,J$33:J$127) -> 11 | B43: UPC I | C43: Non Matching | D43: 80101632 | E43: True Shop Lotus's Bangna-trad | F43: BMA IV - South East | G43: 14963.148 | H43: =IFERROR(VLOOKUP(D43,'PV Sheep mail'!E$4:G$99000,2,0),0) -> 33 | I43: =IFERROR(VLOOKUP(D43,'PV Sheep mail'!E$4:G$99000,3,0),0) -> 15023 | J43: =IFERROR(I43/G43,0) -> 1.004 | K43: =(I43/$R$1)*$R$2 -> 27394.882 | L43: 11166 | M43: =IFERROR(K43/G43,0) -> 1.8308234 | N43: =IFERROR((K43-L43)/L43,0) -> 1.4534195
A44: =RANK(J44,J$33:J$127) -> 12 | B44: UPC I | C44: Non matching | D44: 80100925 | E44: True Shop Fashion Island | F44: BMA III - North East | G44: 120000 | H44: =IFERROR(VLOOKUP(D44,'PV Sheep mail'!E$4:G$99000,2,0),0) -> 225 | I44: =IFERROR(VLOOKUP(D44,'PV Sheep mail'!E$4:G$99000,3,0),0) -> 120350.25 | J44: =IFERROR(I44/G44,0) -> 1.0029188 | K44: =(I44/$R$1)*$R$2 -> 219462.22 | L44: 216204 | M44: =IFERROR(K44/G44,0) -> 1.8288518 | N44: =IFERROR((K44-L44)/L44,0) -> 0.015070122
A45: =RANK(J45,J$33:J$127) -> 13 | D45: 80101692 | E45: True Shop Central Nakorn Sithammarat (D) | F45: UPC - Lower South | G45: 10258.88 | H45: =IFERROR(VLOOKUP(D45,'PV Sheep mail'!E$4:G$99000,2,0),0) -> 14 | I45: =IFERROR(VLOOKUP(D45,'PV Sheep mail'!E$4:G$99000,3,0),0) -> 10260 | J45: =IFERROR(I45/G45,0) -> 1.0001092 | K45: =(I45/$R$1)*$R$2 -> 18709.412 | L45: 17866 | M45: =IFERROR(K45/G45,0) -> 1.8237285 | N45: =IFERROR((K45-L45)/L45,0) -> 0.047207644
A46: =RANK(J46,J$33:J$127) -> 14 | D46: 80101691 | E46: True Shop Ayutthaya (D) | F46: UPC - Central | G46: 10000 | H46: =IFERROR(VLOOKUP(D46,'PV Sheep mail'!E$4:G$99000,2,0),0) -> 13 | I46: =IFERROR(VLOOKUP(D46,'PV Sheep mail'!E$4:G$99000,3,0),0) -> 9888 | J46: =IFERROR(I46/G46,0) -> 0.9888 | K46: =(I46/$R$1)*$R$2 -> 18031.059 | L46: 12208 | M46: =IFERROR(K46/G46,0) -> 1.8031059 | N46: =IFERROR((K46-L46)/L46,0) -> 0.47698713
A47: =RANK(J47,J$33:J$127) -> 15 | D47: 80101702 | E47: True Shop Central Plaza Chaengwattana (D) | F47: BMA I - North West | G47: 10000 | H47: =IFERROR(VLOOKUP(D47,'PV Sheep mail'!E$4:G$99000,2,0),0) -> 16 | I47: =IFERROR(VLOOKUP(D47,'PV Sheep mail'!E$4:G$99000,3,0),0) -> 9840 | J47: =IFERROR(I47/G47,0) -> 0.984 | K47: =(I47/$R$1)*$R$2 -> 17943.529 | L47: 3650 | M47: =IFERROR(K47/G47,0) -> 1.7943529 | N47: =IFERROR((K47-L47)/L47,0) -> 3.9160355
A48: =RANK(J48,J$33:J$127) -> 16 | B48: BMA | C48: Matching | D48: 80100750 | E48: True Shop Lotus's Fang Chiangmai | F48: UPC - Upper North | G48: 12659.823 | H48: =IFERROR(VLOOKUP(D48,'PV Sheep mail'!E$4:G$99000,2,0),0) -> 22 | I48: =IFERROR(VLOOKUP(D48,'PV Sheep mail'!E$4:G$99000,3,0),0) -> 11498 | J48: =IFERROR(I48/G48,0) -> 0.90822753 | K48: =(I48/$R$1)*$R$2 -> 20966.941 | L48: 8980 | M48: =IFERROR(K48/G48,0) -> 1.6561796 | N48: =IFERROR((K48-L48)/L48,0) -> 1.3348487
A49: =RANK(J49,J$33:J$127) -> 17 | B49: BMA | C49: Matching | D49: 80101304 | E49: True Shop Robinson Buriram | F49: UPC - Lower Northeast | G49: 10421.191 | H49: =IFERROR(VLOOKUP(D49,'PV Sheep mail'!E$4:G$99000,2,0),0) -> 15 | I49: =IFERROR(VLOOKUP(D49,'PV Sheep mail'!E$4:G$99000,3,0),0) -> 9386.55 | J49: =IFERROR(I49/G49,0) -> 0.90071758 | K49: =(I49/$R$1)*$R$2 -> 17116.65 | L49: 6810 | M49: =IFERROR(K49/G49,0) -> 1.642485 | N49: =IFERROR((K49-L49)/L49,0) -> 1.5134581
A50: =RANK(J50,J$33:J$127) -> 18 | D50: 80101708 | E50: True Shop Future Park Rangsit (G Fl.) (D) | F50: BMA III - North East | G50: 10000 | H50: =IFERROR(VLOOKUP(D50,'PV Sheep mail'!E$4:G$99000,2,0),0) -> 12 | I50: =IFERROR(VLOOKUP(D50,'PV Sheep mail'!E$4:G$99000,3,0),0) -> 8980 | J50: =IFERROR(I50/G50,0) -> 0.898 | K50: =(I50/$R$1)*$R$2 -> 16375.294 | L50: 9730 | M50: =IFERROR(K50/G50,0) -> 1.6375294 | N50: =IFERROR((K50-L50)/L50,0) -> 0.68296959
A51: =RANK(J51,J$33:J$127) -> 19 | D51: 80101707 | E51: True Shop Future Park Rangsit (2 nd.) (D) | F51: BMA III - North East | G51: 10000 | H51: =IFERROR(VLOOKUP(D51,'PV Sheep mail'!E$4:G$99000,2,0),0) -> 11 | I51: =IFERROR(VLOOKUP(D51,'PV Sheep mail'!E$4:G$99000,3,0),0) -> 8290 | J51: =IFERROR(I51/G51,0) -> 0.829 | K51: =(I51/$R$1)*$R$2 -> 15117.059 | L51: 3260 | M51: =IFERROR(K51/G51,0) -> 1.5117059 | N51: =IFERROR((K51-L51)/L51,0) -> 3.6371346
A52: =RANK(J52,J$33:J$127) -> 20 | B52: UPC I | C52: Matching | D52: 80100840 | E52: True Shop Central Plaza Mahachai | F52: UPC - West | G52: 44195.609 | H52: =IFERROR(VLOOKUP(D52,'PV Sheep mail'!E$4:G$99000,2,0),0) -> 55 | I52: =IFERROR(VLOOKUP(D52,'PV Sheep mail'!E$4:G$99000,3,0),0) -> 35096.65 | J52: =IFERROR(I52/G52,0) -> 0.79412075 | K52: =(I52/$R$1)*$R$2 -> 63999.774 | L52: 41242 | M52: =IFERROR(K52/G52,0) -> 1.4481026 | N52: =IFERROR((K52-L52)/L52,0) -> 0.55181062
A53: =RANK(J53,J$33:J$127) -> 21 | D53: 80101711 | E53: True Shop The Mall Korat (D) | F53: UPC - Lower Northeast | G53: 10000 | H53: =IFERROR(VLOOKUP(D53,'PV Sheep mail'!E$4:G$99000,2,0),0) -> 12 | I53: =IFERROR(VLOOKUP(D53,'PV Sheep mail'!E$4:G$99000,3,0),0) -> 7939 | J53: =IFERROR(I53/G53,0) -> 0.7939 | K53: =(I53/$R$1)*$R$2 -> 14477 | L53: 12459 | M53: =IFERROR(K53/G53,0) -> 1.4477 | N53: =IFERROR((K53-L53)/L53,0) -> 0.16197127
A54: =RANK(J54,J$33:J$127) -> 22 | B54: UPC I | C54: Non Matching | D54: 80100822 | E54: True Shop Lotus's Ranong | F54: UPC - Upper South | G54: 35568.263 | H54: =IFERROR(VLOOKUP(D54,'PV Sheep mail'!E$4:G$99000,2,0),0) -> 43 | I54: =IFERROR(VLOOKUP(D54,'PV Sheep mail'!E$4:G$99000,3,0),0) -> 28115.25 | J54: =IFERROR(I54/G54,0) -> 0.79045891 | K54: =(I54/$R$1)*$R$2 -> 51268.985 | L54: 41933.15 | M54: =IFERROR(K54/G54,0) -> 1.4414251 | N54: =IFERROR((K54-L54)/L54,0) -> 0.22263616
A55: =RANK(J55,J$33:J$127) -> 23 | B55: BMA | C55: Matching | D55: 80100476 | E55: True Shop Central Festival Hatyai | F55: UPC - Upper South | G55: 37526.88 | H55: =IFERROR(VLOOKUP(D55,'PV Sheep mail'!E$4:G$99000,2,0),0) -> 42 | I55: =IFERROR(VLOOKUP(D55,'PV Sheep mail'!E$4:G$99000,3,0),0) -> 27880 | J55: =IFERROR(I55/G55,0) -> 0.74293413 | K55: =(I55/$R$1)*$R$2 -> 50840 | L55: 25719 | M55: =IFERROR(K55/G55,0) -> 1.3547622 | N55: =IFERROR((K55-L55)/L55,0) -> 0.97674871
A56: =RANK(J56,J$33:J$127) -> 24 | B56: BMA | C56: Matching | D56: 80101340 | E56: True Shop Future Park Rangsit Fl.2 | F56: BMA III - North East | G56: 49942.4 | H56: =IFERROR(VLOOKUP(D56,'PV Sheep mail'!E$4:G$99000,2,0),0) -> 66 | I56: =IFERROR(VLOOKUP(D56,'PV Sheep mail'!E$4:G$99000,3,0),0) -> 36769 | J56: =IFERROR(I56/G56,0) -> 0.73622813 | K56: =(I56/$R$1)*$R$2 -> 67049.353 | L56: 9770 | M56: =IFERROR(K56/G56,0) -> 1.3425337 | N56: =IFERROR((K56-L56)/L56,0) -> 5.8627792
A57: =RANK(J57,J$33:J$127) -> 25 | B57: BMA | C57: Non matching | D57: 80101070 | E57: True Shop Mega Bangna | F57: BMA IV - South East | G57: 58115.363 | H57: =IFERROR(VLOOKUP(D57,'PV Sheep mail'!E$4:G$99000,2,0),0) -> 64 | I57: =IFERROR(VLOOKUP(D57,'PV Sheep mail'!E$4:G$99000,3,0),0) -> 42760 | J57: =IFERROR(I57/G57,0) -> 0.73577791 | K57: =(I57/$R$1)*$R$2 -> 77974.118 | L57: 62508 | M57: =IFERROR(K57/G57,0) -> 1.3417127 | N57: =IFERROR((K57-L57)/L57,0) -> 0.24742621
A58: =RANK(J58,J$33:J$127) -> 26 | D58: 80101709 | E58: True Shop Mega Bangna (D) | F58: BMA IV - South East | G58: 10000 | H58: =IFERROR(VLOOKUP(D58,'PV Sheep mail'!E$4:G$99000,2,0),0) -> 14 | I58: =IFERROR(VLOOKUP(D58,'PV Sheep mail'!E$4:G$99000,3,0),0) -> 7260 | J58: =IFERROR(I58/G58,0) -> 0.726 | K58: =(I58/$R$1)*$R$2 -> 13238.824 | L58: 6862 | M58: =IFERROR(K58/G58,0) -> 1.3238824 | N58: =IFERROR((K58-L58)/L58,0) -> 0.92929518
A59: =RANK(J59,J$33:J$127) -> 27 | B59: UPC I | C59: Non Matching | D59: 80101306 | E59: True Shop Robinson Mae Sot | F59: UPC - Lower North | G59: 13495.564 | H59: =IFERROR(VLOOKUP(D59,'PV Sheep mail'!E$4:G$99000,2,0),0) -> 13 | I59: =IFERROR(VLOOKUP(D59,'PV Sheep mail'!E$4:G$99000,3,0),0) -> 9729 | J59: =IFERROR(I59/G59,0) -> 0.72090354 | K59: =(I59/$R$1)*$R$2 -> 17741.118 | L59: 11248 | M59: =IFERROR(K59/G59,0) -> 1.3145888 | N59: =IFERROR((K59-L59)/L59,0) -> 0.57726864
A60: =RANK(J60,J$33:J$127) -> 28 | B60: UPC II | C60: Matching | D60: 80101119 | E60: True Shop Central Plaza Nakhon Ratchasima | F60: UPC - Lower Northeast | G60: 46039.47 | H60: =IFERROR(VLOOKUP(D60,'PV Sheep mail'!E$4:G$99000,2,0),0) -> 48 | I60: =IFERROR(VLOOKUP(D60,'PV Sheep mail'!E$4:G$99000,3,0),0) -> 32379 | J60: =IFERROR(I60/G60,0) -> 0.70328785 | K60: =(I60/$R$1)*$R$2 -> 59044.059 | L60: 33179.05 | M60: =IFERROR(K60/G60,0) -> 1.2824661 | N60: =IFERROR((K60-L60)/L60,0) -> 0.77955845
A61: =RANK(J61,J$33:J$127) -> 29 | B61: BMA | C61: Matching | D61: 80101312 | E61: True Shop Robinson Kanchanaburi | F61: UPC - West | G61: 38098.16 | H61: =IFERROR(VLOOKUP(D61,'PV Sheep mail'!E$4:G$99000,2,0),0) -> 36 | I61: =IFERROR(VLOOKUP(D61,'PV Sheep mail'!E$4:G$99000,3,0),0) -> 26644.15 | J61: =IFERROR(I61/G61,0) -> 0.6993553 | K61: =(I61/$R$1)*$R$2 -> 48586.391 | L61: 25107 | M61: =IFERROR(K61/G61,0) -> 1.275295 | N61: =IFERROR((K61-L61)/L61,0) -> 0.93517311
A62: =RANK(J62,J$33:J$127) -> 30 | D62: 80101696 | E62: True Shop Central Salaya (D) | F62: UPC - West | G62: 10000 | H62: =IFERROR(VLOOKUP(D62,'PV Sheep mail'!E$4:G$99000,2,0),0) -> 12 | I62: =IFERROR(VLOOKUP(D62,'PV Sheep mail'!E$4:G$99000,3,0),0) -> 6780 | J62: =IFERROR(I62/G62,0) -> 0.678 | K62: =(I62/$R$1)*$R$2 -> 12363.529 | L62: 5470 | M62: =IFERROR(K62/G62,0) -> 1.2363529 | N62: =IFERROR((K62-L62)/L62,0) -> 1.260243
A63: =RANK(J63,J$33:J$127) -> 31 | B63: BMA | C63: Matching | D63: 80100623 | E63: True Shop Central Rama 9 | F63: BMA V - Central | G63: 320000 | H63: =IFERROR(VLOOKUP(D63,'PV Sheep mail'!E$4:G$99000,2,0),0) -> 460 | I63: =IFERROR(VLOOKUP(D63,'PV Sheep mail'!E$4:G$99000,3,0),0) -> 215893.2 | J63: =IFERROR(I63/G63,0) -> 0.67466625 | K63: =(I63/$R$1)*$R$2 -> 393687.6 | L63: 436607.3 | M63: =IFERROR(K63/G63,0) -> 1.2302737 | N63: =IFERROR((K63-L63)/L63,0) -> -0.098302754
A64: =RANK(J64,J$33:J$127) -> 32 | B64: BMA | C64: Matching | D64: 80100479 | E64: True Shop Terminal 21 Pattaya | F64: UPC - East | G64: 48367.201 | H64: =IFERROR(VLOOKUP(D64,'PV Sheep mail'!E$4:G$99000,2,0),0) -> 44 | I64: =IFERROR(VLOOKUP(D64,'PV Sheep mail'!E$4:G$99000,3,0),0) -> 32451 | J64: =IFERROR(I64/G64,0) -> 0.67092987 | K64: =(I64/$R$1)*$R$2 -> 59175.353 | L64: 37402 | M64: =IFERROR(K64/G64,0) -> 1.2234603 | N64: =IFERROR((K64-L64)/L64,0) -> 0.58214408
A65: =RANK(J65,J$33:J$127) -> 33 | B65: UPC I | C65: Non Matching | D65: 80101629 | E65: True Shop Central Nakhornpathom | F65: UPC - West | G65: 40395.2 | H65: =IFERROR(VLOOKUP(D65,'PV Sheep mail'!E$4:G$99000,2,0),0) -> 37 | I65: =IFERROR(VLOOKUP(D65,'PV Sheep mail'!E$4:G$99000,3,0),0) -> 26230 | J65: =IFERROR(I65/G65,0) -> 0.64933457 | K65: =(I65/$R$1)*$R$2 -> 47831.176 | L65: 28040 | M65: =IFERROR(K65/G65,0) -> 1.1840807 | N65: =IFERROR((K65-L65)/L65,0) -> 0.70581942
A66: =RANK(J66,J$33:J$127) -> 34 | B66: BMA | C66: Matching | D66: 80101185 | E66: True Shop Central West Gate | F66: BMA I - North West | G66: 55618.542 | H66: =IFERROR(VLOOKUP(D66,'PV Sheep mail'!E$4:G$99000,2,0),0) -> 54 | I66: =IFERROR(VLOOKUP(D66,'PV Sheep mail'!E$4:G$99000,3,0),0) -> 34809.05 | J66: =IFERROR(I66/G66,0) -> 0.62585334 | K66: =(I66/$R$1)*$R$2 -> 63475.326 | L66: 54564.1 | M66: =IFERROR(K66/G66,0) -> 1.141262 | N66: =IFERROR((K66-L66)/L66,0) -> 0.16331666
A67: =RANK(J67,J$33:J$127) -> 35 | B67: BMA | C67: Matching | D67: 80101418 | E67: True Shop Imperial World Samrong | F67: BMA IV - South East | G67: 17383.811 | H67: =IFERROR(VLOOKUP(D67,'PV Sheep mail'!E$4:G$99000,2,0),0) -> 19 | I67: =IFERROR(VLOOKUP(D67,'PV Sheep mail'!E$4:G$99000,3,0),0) -> 10869 | J67: =IFERROR(I67/G67,0) -> 0.62523688 | K67: =(I67/$R$1)*$R$2 -> 19819.941 | L67: 13659 | M67: =IFERROR(K67/G67,0) -> 1.1401378 | N67: =IFERROR((K67-L67)/L67,0) -> 0.4510536
A68: =RANK(J68,J$33:J$127) -> 36 | B68: UPC I | C68: Non Matching | D68: 80101627 | E68: True Shop Central Westville | F68: BMA I - North West | G68: 31653.211 | H68: =IFERROR(VLOOKUP(D68,'PV Sheep mail'!E$4:G$99000,2,0),0) -> 34 | I68: =IFERROR(VLOOKUP(D68,'PV Sheep mail'!E$4:G$99000,3,0),0) -> 18819 | J68: =IFERROR(I68/G68,0) -> 0.59453684 | K68: =(I68/$R$1)*$R$2 -> 34317 | L68: 11140 | M68: =IFERROR(K68/G68,0) -> 1.0841554 | N68: =IFERROR((K68-L68)/L68,0) -> 2.0805206
A69: =RANK(J69,J$33:J$127) -> 37 | B69: UPC II | C69: Matching | D69: 80100756 | E69: True Shop Lotus's Nongbualamphu | F69: UPC - Upper Northeast | G69: 11591.868 | H69: =IFERROR(VLOOKUP(D69,'PV Sheep mail'!E$4:G$99000,2,0),0) -> 10 | I69: =IFERROR(VLOOKUP(D69,'PV Sheep mail'!E$4:G$99000,3,0),0) -> 6718 | J69: =IFERROR(I69/G69,0) -> 0.57954419 | K69: =(I69/$R$1)*$R$2 -> 12250.471 | L69: 10470 | M69: =IFERROR(K69/G69,0) -> 1.0568159 | N69: =IFERROR((K69-L69)/L69,0) -> 0.1700545
A70: =RANK(J70,J$33:J$127) -> 38 | B70: UPC I | C70: Non Matching | D70: 80101071 | E70: True Shop Seacon Square 2 | F70: BMA IV - South East | G70: 53651.466 | H70: =IFERROR(VLOOKUP(D70,'PV Sheep mail'!E$4:G$99000,2,0),0) -> 42 | I70: =IFERROR(VLOOKUP(D70,'PV Sheep mail'!E$4:G$99000,3,0),0) -> 30831.1 | J70: =IFERROR(I70/G70,0) -> 0.57465531 | K70: =(I70/$R$1)*$R$2 -> 56221.418 | L70: 39566 | M70: =IFERROR(K70/G70,0) -> 1.0479009 | N70: =IFERROR((K70-L70)/L70,0) -> 0.42095278
A71: =RANK(J71,J$33:J$127) -> 39 | B71: BMA | C71: Non Matching | D71: 80101313 | E71: True Shop Robinson Chaiyaphum | F71: UPC - Lower Northeast | G71: 11048.335 | H71: =IFERROR(VLOOKUP(D71,'PV Sheep mail'!E$4:G$99000,2,0),0) -> 7 | I71: =IFERROR(VLOOKUP(D71,'PV Sheep mail'!E$4:G$99000,3,0),0) -> 6131 | J71: =IFERROR(I71/G71,0) -> 0.55492522 | K71: =(I71/$R$1)*$R$2 -> 11180.059 | L71: 5779 | M71: =IFERROR(K71/G71,0) -> 1.0119225 | N71: =IFERROR((K71-L71)/L71,0) -> 0.93460094
A72: =RANK(J72,J$33:J$127) -> 40 | B72: UPC II | C72: Non Matching | D72: 80101225 | E72: True Shop Kao Yai Market Village | F72: UPC - Lower Northeast | G72: 19631.974 | H72: =IFERROR(VLOOKUP(D72,'PV Sheep mail'!E$4:G$99000,2,0),0) -> 16 | I72: =IFERROR(VLOOKUP(D72,'PV Sheep mail'!E$4:G$99000,3,0),0) -> 10780.05 | J72: =IFERROR(I72/G72,0) -> 0.54910677 | K72: =(I72/$R$1)*$R$2 -> 19657.738 | L72: 11060 | M72: =IFERROR(K72/G72,0) -> 1.0013123 | N72: =IFERROR((K72-L72)/L72,0) -> 0.77737235
A73: =RANK(J73,J$33:J$127) -> 41 | B73: UPC I | C73: Matching | D73: 80101189 | E73: True Shop Central Sriracha | F73: UPC - East | G73: 30000 | H73: =IFERROR(VLOOKUP(D73,'PV Sheep mail'!E$4:G$99000,2,0),0) -> 26 | I73: =IFERROR(VLOOKUP(D73,'PV Sheep mail'!E$4:G$99000,3,0),0) -> 16158 | J73: =IFERROR(I73/G73,0) -> 0.5386 | K73: =(I73/$R$1)*$R$2 -> 29464.588 | L73: 30931.1 | M73: =IFERROR(K73/G73,0) -> 0.98215294 | N73: =IFERROR((K73-L73)/L73,0) -> -0.047412209
A74: =RANK(J74,J$33:J$127) -> 42 | D74: 80101695 | E74: True Shop Central Rayong (D) | F74: UPC - East | G74: 10000 | H74: =IFERROR(VLOOKUP(D74,'PV Sheep mail'!E$4:G$99000,2,0),0) -> 8 | I74: =IFERROR(VLOOKUP(D74,'PV Sheep mail'!E$4:G$99000,3,0),0) -> 5320 | J74: =IFERROR(I74/G74,0) -> 0.532 | K74: =(I74/$R$1)*$R$2 -> 9701.1765 | L74: 12830 | M74: =IFERROR(K74/G74,0) -> 0.97011765 | N74: =IFERROR((K74-L74)/L74,0) -> -0.24386777
A75: =RANK(J75,J$33:J$127) -> 43 | B75: BMA | C75: Non Matching | D75: 80100625 | E75: True Shop Central Plaza Rayong | F75: UPC - East | G75: 46949.164 | H75: =IFERROR(VLOOKUP(D75,'PV Sheep mail'!E$4:G$99000,2,0),0) -> 31 | I75: =IFERROR(VLOOKUP(D75,'PV Sheep mail'!E$4:G$99000,3,0),0) -> 24708.55 | J75: =IFERROR(I75/G75,0) -> 0.52628307 | K75: =(I75/$R$1)*$R$2 -> 45056.768 | L75: 34229 | M75: =IFERROR(K75/G75,0) -> 0.95969266 | N75: =IFERROR((K75-L75)/L75,0) -> 0.31633316
A76: =RANK(J76,J$33:J$127) -> 44 | B76: UPC I | C76: Non Matching | D76: 80100487 | E76: True Shop The Mall Nakhonratchasima 3Fl. | F76: UPC - Lower Northeast | G76: 32128.24 | H76: =IFERROR(VLOOKUP(D76,'PV Sheep mail'!E$4:G$99000,2,0),0) -> 22 | I76: =IFERROR(VLOOKUP(D76,'PV Sheep mail'!E$4:G$99000,3,0),0) -> 16789 | J76: =IFERROR(I76/G76,0) -> 0.52256208 | K76: =(I76/$R$1)*$R$2 -> 30615.235 | L76: 22089 | M76: =IFERROR(K76/G76,0) -> 0.95290731 | N76: =IFERROR((K76-L76)/L76,0) -> 0.38599463
A77: =RANK(J77,J$33:J$127) -> 45 | B77: UPC I | C77: Non Matching | D77: 80101180 | E77: True Shop Wongsawang Town Center | F77: BMA I - North West | G77: 10057.386 | H77: =IFERROR(VLOOKUP(D77,'PV Sheep mail'!E$4:G$99000,2,0),0) -> 8 | I77: =IFERROR(VLOOKUP(D77,'PV Sheep mail'!E$4:G$99000,3,0),0) -> 5220 | J77: =IFERROR(I77/G77,0) -> 0.51902153 | K77: =(I77/$R$1)*$R$2 -> 9518.8235 | L77: 4589 | M77: =IFERROR(K77/G77,0) -> 0.94645103 | N77: =IFERROR((K77-L77)/L77,0) -> 1.0742697
A78: =RANK(J78,J$33:J$127) -> 46 | B78: BMA | C78: Matching | D78: 80101264 | E78: True Shop Central Plaza Ramindra 1FL. | F78: BMA I - North West | G78: 14428.089 | H78: =IFERROR(VLOOKUP(D78,'PV Sheep mail'!E$4:G$99000,2,0),0) -> 10 | I78: =IFERROR(VLOOKUP(D78,'PV Sheep mail'!E$4:G$99000,3,0),0) -> 7400 | J78: =IFERROR(I78/G78,0) -> 0.51288845 | K78: =(I78/$R$1)*$R$2 -> 13494.118 | L78: 12375 | M78: =IFERROR(K78/G78,0) -> 0.93526717 | N78: =IFERROR((K78-L78)/L78,0) -> 0.090433749
A79: =RANK(J79,J$33:J$127) -> 47 | B79: UPC I | C79: Matching | D79: 80101183 | E79: True Shop Central Khonkaen | F79: UPC - Upper Northeast | G79: 47611.2 | H79: =IFERROR(VLOOKUP(D79,'PV Sheep mail'!E$4:G$99000,2,0),0) -> 39 | I79: =IFERROR(VLOOKUP(D79,'PV Sheep mail'!E$4:G$99000,3,0),0) -> 24410 | J79: =IFERROR(I79/G79,0) -> 0.51269449 | K79: =(I79/$R$1)*$R$2 -> 44512.353 | L79: 36050 | M79: =IFERROR(K79/G79,0) -> 0.93491349 | N79: =IFERROR((K79-L79)/L79,0) -> 0.23473933
A80: =RANK(J80,J$33:J$127) -> 48 | D80: 80101700 | E80: True Shop Central Festival Pattaya (D) | F80: UPC - East | G80: 10000 | H80: =IFERROR(VLOOKUP(D80,'PV Sheep mail'!E$4:G$99000,2,0),0) -> 8 | I80: =IFERROR(VLOOKUP(D80,'PV Sheep mail'!E$4:G$99000,3,0),0) -> 5079 | J80: =IFERROR(I80/G80,0) -> 0.5079 | K80: =(I80/$R$1)*$R$2 -> 9261.7059 | L80: 7912.1 | M80: =IFERROR(K80/G80,0) -> 0.92617059 | N80: =IFERROR((K80-L80)/L80,0) -> 0.17057493
A81: =RANK(J81,J$33:J$127) -> 49 | B81: BMA | C81: Matching | D81: 80101198 | E81: True Shop Central Phitsanulok | F81: UPC - Lower North | G81: 38000 | H81: =IFERROR(VLOOKUP(D81,'PV Sheep mail'!E$4:G$99000,2,0),0) -> 24 | I81: =IFERROR(VLOOKUP(D81,'PV Sheep mail'!E$4:G$99000,3,0),0) -> 19078 | J81: =IFERROR(I81/G81,0) -> 0.50205263 | K81: =(I81/$R$1)*$R$2 -> 34789.294 | L81: 22078 | M81: =IFERROR(K81/G81,0) -> 0.91550774 | N81: =IFERROR((K81-L81)/L81,0) -> 0.57574482
A82: =RANK(J82,J$33:J$127) -> 50 | B82: BMA | C82: Matching | D82: 80100477 | E82: True Shop Central Ladprao | F82: BMA I - North West | G82: 49662.717 | H82: =IFERROR(VLOOKUP(D82,'PV Sheep mail'!E$4:G$99000,2,0),0) -> 36 | I82: =IFERROR(VLOOKUP(D82,'PV Sheep mail'!E$4:G$99000,3,0),0) -> 24391 | J82: =IFERROR(I82/G82,0) -> 0.49113302 | K82: =(I82/$R$1)*$R$2 -> 44477.706 | L82: 42589.1 | M82: =IFERROR(K82/G82,0) -> 0.8955955 | N82: =IFERROR((K82-L82)/L82,0) -> 0.044344818
A83: =RANK(J83,J$33:J$127) -> 51 | B83: UPC I | C83: Non Matching | D83: 80101263 | E83: True Shop Maya Chiangmai | F83: UPC - Upper North | G83: 30000 | H83: =IFERROR(VLOOKUP(D83,'PV Sheep mail'!E$4:G$99000,2,0),0) -> 19 | I83: =IFERROR(VLOOKUP(D83,'PV Sheep mail'!E$4:G$99000,3,0),0) -> 14726 | J83: =IFERROR(I83/G83,0) -> 0.49086667 | K83: =(I83/$R$1)*$R$2 -> 26853.294 | L83: 15118 | M83: =IFERROR(K83/G83,0) -> 0.8951098 | N83: =IFERROR((K83-L83)/L83,0) -> 0.77624647
A84: =RANK(J84,J$33:J$127) -> 52 | B84: UPC II | C84: Non Matching | D84: 80100842 | E84: True Shop Terminal 21 Korat | F84: UPC - Lower Northeast | G84: 10178.397 | H84: =IFERROR(VLOOKUP(D84,'PV Sheep mail'!E$4:G$99000,2,0),0) -> 6 | I84: =IFERROR(VLOOKUP(D84,'PV Sheep mail'!E$4:G$99000,3,0),0) -> 4940 | J84: =IFERROR(I84/G84,0) -> 0.48534165 | K84: =(I84/$R$1)*$R$2 -> 9008.2353 | L84: 8939 | M84: =IFERROR(K84/G84,0) -> 0.88503477 | N84: =IFERROR((K84-L84)/L84,0) -> 0.0077453064
A85: =RANK(J85,J$33:J$127) -> 53 | B85: UPC II | C85: Non Matching | D85: 80101296 | E85: True Shop Paradise Park Srinakarin | F85: BMA IV - South East | G85: 15361.181 | H85: =IFERROR(VLOOKUP(D85,'PV Sheep mail'!E$4:G$99000,2,0),0) -> 11 | I85: =IFERROR(VLOOKUP(D85,'PV Sheep mail'!E$4:G$99000,3,0),0) -> 7318 | J85: =IFERROR(I85/G85,0) -> 0.47639568 | K85: =(I85/$R$1)*$R$2 -> 13344.588 | L85: 16129 | M85: =IFERROR(K85/G85,0) -> 0.86872153 | N85: =IFERROR((K85-L85)/L85,0) -> -0.17263387
A86: =RANK(J86,J$33:J$127) -> 54 | B86: BMA | C86: Matching | D86: 80100928 | E86: True Shop Seacon Bangkae | F86: BMA II - South West | G86: 37674.964 | H86: =IFERROR(VLOOKUP(D86,'PV Sheep mail'!E$4:G$99000,2,0),0) -> 25 | I86: =IFERROR(VLOOKUP(D86,'PV Sheep mail'!E$4:G$99000,3,0),0) -> 17768 | J86: =IFERROR(I86/G86,0) -> 0.47161293 | K86: =(I86/$R$1)*$R$2 -> 32400.471 | L86: 33626.05 | M86: =IFERROR(K86/G86,0) -> 0.86000005 | N86: =IFERROR((K86-L86)/L86,0) -> -0.03644732
A87: =RANK(J87,J$33:J$127) -> 55 | B87: UPC I | C87: Non matching | D87: 80100481 | E87: True Shop The Mall Bangkapi | F87: BMA IV - South East | G87: 55799.2 | H87: =IFERROR(VLOOKUP(D87,'PV Sheep mail'!E$4:G$99000,2,0),0) -> 41 | I87: =IFERROR(VLOOKUP(D87,'PV Sheep mail'!E$4:G$99000,3,0),0) -> 26290 | J87: =IFERROR(I87/G87,0) -> 0.47115371 | K87: =(I87/$R$1)*$R$2 -> 47940.588 | L87: 40636 | M87: =IFERROR(K87/G87,0) -> 0.85916264 | N87: =IFERROR((K87-L87)/L87,0) -> 0.17975658
A88: =RANK(J88,J$33:J$127) -> 56 | D88: 80101703 | E88: True Shop Central Plaza Khon Kaen (D) | F88: UPC - Upper Northeast | G88: 10202.628 | H88: =IFERROR(VLOOKUP(D88,'PV Sheep mail'!E$4:G$99000,2,0),0) -> 7 | I88: =IFERROR(VLOOKUP(D88,'PV Sheep mail'!E$4:G$99000,3,0),0) -> 4730 | J88: =IFERROR(I88/G88,0) -> 0.46360606 | K88: =(I88/$R$1)*$R$2 -> 8625.2941 | L88: 9260 | M88: =IFERROR(K88/G88,0) -> 0.84539928 | N88: =IFERROR((K88-L88)/L88,0) -> -0.068542752
A89: =RANK(J89,J$33:J$127) -> 57 | B89: BMA | C89: Matching | D89: 80100837 | E89: True Shop Central Chonburi | F89: UPC - East | G89: 49706.3 | H89: =IFERROR(VLOOKUP(D89,'PV Sheep mail'!E$4:G$99000,2,0),0) -> 32 | I89: =IFERROR(VLOOKUP(D89,'PV Sheep mail'!E$4:G$99000,3,0),0) -> 22787.2 | J89: =IFERROR(I89/G89,0) -> 0.45843686 | K89: =(I89/$R$1)*$R$2 -> 41553.129 | L89: 31704 | M89: =IFERROR(K89/G89,0) -> 0.83597309 | N89: =IFERROR((K89-L89)/L89,0) -> 0.31065889
A90: =RANK(J90,J$33:J$127) -> 58 | B90: BMA | C90: Matching | D90: 80100484 | E90: True Shop The Mall Bangkae 2Fl. | F90: BMA II - South West | G90: 54627.324 | H90: =IFERROR(VLOOKUP(D90,'PV Sheep mail'!E$4:G$99000,2,0),0) -> 34 | I90: =IFERROR(VLOOKUP(D90,'PV Sheep mail'!E$4:G$99000,3,0),0) -> 24937 | J90: =IFERROR(I90/G90,0) -> 0.45649316 | K90: =(I90/$R$1)*$R$2 -> 45473.353 | L90: 36863.1 | M90: =IFERROR(K90/G90,0) -> 0.83242871 | N90: =IFERROR((K90-L90)/L90,0) -> 0.23357376
A91: =RANK(J91,J$33:J$127) -> 59 | B91: BMA | C91: Non matching | D91: 80100754 | E91: True Shop Lotus's Ruamchok Chiangmai | F91: UPC - Upper North | G91: 11493.073 | H91: =IFERROR(VLOOKUP(D91,'PV Sheep mail'!E$4:G$99000,2,0),0) -> 7 | I91: =IFERROR(VLOOKUP(D91,'PV Sheep mail'!E$4:G$99000,3,0),0) -> 5089 | J91: =IFERROR(I91/G91,0) -> 0.44278847 | K91: =(I91/$R$1)*$R$2 -> 9279.9412 | L91: 6046 | M91: =IFERROR(K91/G91,0) -> 0.8074378 | N91: =IFERROR((K91-L91)/L91,0) -> 0.53488938
A92: =RANK(J92,J$33:J$127) -> 60 | B92: UPC II | C92: Matching | D92: 80100565 | E92: True Shop Central Rama 2 | F92: BMA II - South West | G92: 48365.543 | H92: =IFERROR(VLOOKUP(D92,'PV Sheep mail'!E$4:G$99000,2,0),0) -> 30 | I92: =IFERROR(VLOOKUP(D92,'PV Sheep mail'!E$4:G$99000,3,0),0) -> 20999.05 | J92: =IFERROR(I92/G92,0) -> 0.43417377 | K92: =(I92/$R$1)*$R$2 -> 38292.385 | L92: 26986 | M92: =IFERROR(K92/G92,0) -> 0.79172864 | N92: =IFERROR((K92-L92)/L92,0) -> 0.41897226
A93: =RANK(J93,J$33:J$127) -> 61 | D93: 80101699 | E93: True Shop Central Festival Hat Yai (D) | F93: UPC - Lower South | G93: 10000 | H93: =IFERROR(VLOOKUP(D93,'PV Sheep mail'!E$4:G$99000,2,0),0) -> 6 | I93: =IFERROR(VLOOKUP(D93,'PV Sheep mail'!E$4:G$99000,3,0),0) -> 4340 | J93: =IFERROR(I93/G93,0) -> 0.434 | K93: =(I93/$R$1)*$R$2 -> 7914.1176 | L93: 10040 | M93: =IFERROR(K93/G93,0) -> 0.79141176 | N93: =IFERROR((K93-L93)/L93,0) -> -0.21174127
A94: =RANK(J94,J$33:J$127) -> 62 | B94: UPC I | C94: Non Matching | D94: 80101214 | E94: True Shop Central Plaza Salaya | F94: UPC - West | G94: 42077.6 | H94: =IFERROR(VLOOKUP(D94,'PV Sheep mail'!E$4:G$99000,2,0),0) -> 24 | I94: =IFERROR(VLOOKUP(D94,'PV Sheep mail'!E$4:G$99000,3,0),0) -> 18184.65 | J94: =IFERROR(I94/G94,0) -> 0.43216937 | K94: =(I94/$R$1)*$R$2 -> 33160.244 | L94: 29755 | M94: =IFERROR(K94/G94,0) -> 0.78807356 | N94: =IFERROR((K94-L94)/L94,0) -> 0.11444275
A95: =RANK(J95,J$33:J$127) -> 63 | D95: 80101710 | E95: True Shop Phuket (D) | F95: UPC - Upper South | G95: 10000 | H95: =IFERROR(VLOOKUP(D95,'PV Sheep mail'!E$4:G$99000,2,0),0) -> 6 | I95: =IFERROR(VLOOKUP(D95,'PV Sheep mail'!E$4:G$99000,3,0),0) -> 4200 | J95: =IFERROR(I95/G95,0) -> 0.42 | K95: =(I95/$R$1)*$R$2 -> 7658.8235 | L95: 5030 | M95: =IFERROR(K95/G95,0) -> 0.76588235 | N95: =IFERROR((K95-L95)/L95,0) -> 0.52262893
A96: =RANK(J96,J$33:J$127) -> 64 | B96: UPC II | C96: Matching | D96: 80100480 | E96: True Shop The Mall Ngamwongwan 6Fl. | F96: BMA I - North West | G96: 40816.055 | H96: =IFERROR(VLOOKUP(D96,'PV Sheep mail'!E$4:G$99000,2,0),0) -> 29 | I96: =IFERROR(VLOOKUP(D96,'PV Sheep mail'!E$4:G$99000,3,0),0) -> 17094.3 | J96: =IFERROR(I96/G96,0) -> 0.41881314 | K96: =(I96/$R$1)*$R$2 -> 31171.959 | L96: 25370.05 | M96: =IFERROR(K96/G96,0) -> 0.76371807 | N96: =IFERROR((K96-L96)/L96,0) -> 0.22869126
A97: =RANK(J97,J$33:J$127) -> 65 | B97: BMA | C97: Matching | D97: 80100626 | E97: True Shop Central Pinklao 3Fl. | F97: BMA II - South West | G97: 49994.6 | H97: =IFERROR(VLOOKUP(D97,'PV Sheep mail'!E$4:G$99000,2,0),0) -> 56 | I97: =IFERROR(VLOOKUP(D97,'PV Sheep mail'!E$4:G$99000,3,0),0) -> 20358 | J97: =IFERROR(I97/G97,0) -> 0.40720398 | K97: =(I97/$R$1)*$R$2 -> 37123.412 | L97: 29086 | M97: =IFERROR(K97/G97,0) -> 0.74254843 | N97: =IFERROR((K97-L97)/L97,0) -> 0.27633266
A98: =RANK(J98,J$33:J$127) -> 66 | B98: UPC I | C98: Non Matching | D98: 80101309 | E98: True Shop Robinson Mukdahan | F98: UPC - Central Northeast | G98: 10000 | H98: =IFERROR(VLOOKUP(D98,'PV Sheep mail'!E$4:G$99000,2,0),0) -> 5 | I98: =IFERROR(VLOOKUP(D98,'PV Sheep mail'!E$4:G$99000,3,0),0) -> 4050 | J98: =IFERROR(I98/G98,0) -> 0.405 | K98: =(I98/$R$1)*$R$2 -> 7385.2941 | L98: 3799 | M98: =IFERROR(K98/G98,0) -> 0.73852941 | N98: =IFERROR((K98-L98)/L98,0) -> 0.94401003
A99: =RANK(J99,J$33:J$127) -> 67 | B99: UPC I | C99: Matching | D99: 80101348 | E99: True Shop Asawann Shopping Complex Nongkhai | F99: UPC - Upper Northeast | G99: 12531.403 | H99: =IFERROR(VLOOKUP(D99,'PV Sheep mail'!E$4:G$99000,2,0),0) -> 6 | I99: =IFERROR(VLOOKUP(D99,'PV Sheep mail'!E$4:G$99000,3,0),0) -> 4949 | J99: =IFERROR(I99/G99,0) -> 0.39492784 | K99: =(I99/$R$1)*$R$2 -> 9024.6471 | L99: 5387 | M99: =IFERROR(K99/G99,0) -> 0.72016253 | N99: =IFERROR((K99-L99)/L99,0) -> 0.67526398
A100: =RANK(J100,J$33:J$127) -> 68 | B100: BMA | C100: Matching | D100: 80100621 | E100: True Shop Central Chiangrai | F100: UPC - Upper North | G100: 35000 | H100: =IFERROR(VLOOKUP(D100,'PV Sheep mail'!E$4:G$99000,2,0),0) -> 23 | I100: =IFERROR(VLOOKUP(D100,'PV Sheep mail'!E$4:G$99000,3,0),0) -> 13670 | J100: =IFERROR(I100/G100,0) -> 0.39057143 | K100: =(I100/$R$1)*$R$2 -> 24927.647 | L100: 19512 | M100: =IFERROR(K100/G100,0) -> 0.71221849 | N100: =IFERROR((K100-L100)/L100,0) -> 0.27755469
A101: =RANK(J101,J$33:J$127) -> 69 | B101: BMA | C101: Matching | D101: 80101186 | E101: True Shop Central Festival East Ville | F101: BMA V - Central | G101: 36284.8 | H101: =IFERROR(VLOOKUP(D101,'PV Sheep mail'!E$4:G$99000,2,0),0) -> 20 | I101: =IFERROR(VLOOKUP(D101,'PV Sheep mail'!E$4:G$99000,3,0),0) -> 14000 | J101: =IFERROR(I101/G101,0) -> 0.38583649 | K101: =(I101/$R$1)*$R$2 -> 25529.412 | L101: 24677.5 | M101: =IFERROR(K101/G101,0) -> 0.70358419 | N101: =IFERROR((K101-L101)/L101,0) -> 0.034521802
A102: =RANK(J102,J$33:J$127) -> 70 | B102: UPC II | C102: Matching | D102: 80101358 | E102: True Shop Central Ayutthaya | F102: UPC - Central | G102: 46400.909 | H102: =IFERROR(VLOOKUP(D102,'PV Sheep mail'!E$4:G$99000,2,0),0) -> 22 | I102: =IFERROR(VLOOKUP(D102,'PV Sheep mail'!E$4:G$99000,3,0),0) -> 17048 | J102: =IFERROR(I102/G102,0) -> 0.3674066 | K102: =(I102/$R$1)*$R$2 -> 31087.529 | L102: 28932.1 | M102: =IFERROR(K102/G102,0) -> 0.66997673 | N102: =IFERROR((K102-L102)/L102,0) -> 0.074499584
A103: =RANK(J103,J$33:J$127) -> 71 | B103: UPC I | C103: Non Matching | D103: 80101307 | E103: True Shop Robinson Lopburi | F103: UPC - Central | G103: 18626.587 | H103: =IFERROR(VLOOKUP(D103,'PV Sheep mail'!E$4:G$99000,2,0),0) -> 10 | I103: =IFERROR(VLOOKUP(D103,'PV Sheep mail'!E$4:G$99000,3,0),0) -> 6700 | J103: =IFERROR(I103/G103,0) -> 0.35970089 | K103: =(I103/$R$1)*$R$2 -> 12217.647 | L103: 10801 | M103: =IFERROR(K103/G103,0) -> 0.65592516 | N103: =IFERROR((K103-L103)/L103,0) -> 0.13115888
A104: =RANK(J104,J$33:J$127) -> 72 | B104: UPC I | C104: Non Matching | D104: 80101584 | E104: True Shop Robinson Ratchapruek | F104: BMA I - North West | G104: 19750.282 | H104: =IFERROR(VLOOKUP(D104,'PV Sheep mail'!E$4:G$99000,2,0),0) -> 10 | I104: =IFERROR(VLOOKUP(D104,'PV Sheep mail'!E$4:G$99000,3,0),0) -> 7027 | J104: =IFERROR(I104/G104,0) -> 0.35579239 | K104: =(I104/$R$1)*$R$2 -> 12813.941 | L104: 17359 | M104: =IFERROR(K104/G104,0) -> 0.64879789 | N104: =IFERROR((K104-L104)/L104,0) -> -0.26182723
A105: =RANK(J105,J$33:J$127) -> 73 | B105: UPC I | C105: Non Matching | D105: 80101349 | E105: True Shop Silom Complex | F105: BMA V - Central | G105: 24000 | H105: =IFERROR(VLOOKUP(D105,'PV Sheep mail'!E$4:G$99000,2,0),0) -> 14 | I105: =IFERROR(VLOOKUP(D105,'PV Sheep mail'!E$4:G$99000,3,0),0) -> 8371.1 | J105: =IFERROR(I105/G105,0) -> 0.34879583 | K105: =(I105/$R$1)*$R$2 -> 15264.947 | L105: 28241 | M105: =IFERROR(K105/G105,0) -> 0.63603946 | N105: =IFERROR((K105-L105)/L105,0) -> -0.45947569
A106: =RANK(J106,J$33:J$127) -> 74 | B106: UPC II | C106: Matching | D106: 80101305 | E106: True Shop Robinson Sri Saman | F106: BMA I - North West | G106: 43511.59 | H106: =IFERROR(VLOOKUP(D106,'PV Sheep mail'!E$4:G$99000,2,0),0) -> 25 | I106: =IFERROR(VLOOKUP(D106,'PV Sheep mail'!E$4:G$99000,3,0),0) -> 14842 | J106: =IFERROR(I106/G106,0) -> 0.34110452 | K106: =(I106/$R$1)*$R$2 -> 27064.824 | L106: 32057 | M106: =IFERROR(K106/G106,0) -> 0.62201412 | N106: =IFERROR((K106-L106)/L106,0) -> -0.15572812
A107: =RANK(J107,J$33:J$127) -> 75 | B107: BMA | C107: Non Matching | D107: 80100926 | E107: True Shop Ayudhaya Park | F107: UPC - Central | G107: 48240.141 | H107: =IFERROR(VLOOKUP(D107,'PV Sheep mail'!E$4:G$99000,2,0),0) -> 22 | I107: =IFERROR(VLOOKUP(D107,'PV Sheep mail'!E$4:G$99000,3,0),0) -> 16439 | J107: =IFERROR(I107/G107,0) -> 0.34077429 | K107: =(I107/$R$1)*$R$2 -> 29977 | L107: 27178 | M107: =IFERROR(K107/G107,0) -> 0.62141195 | N107: =IFERROR((K107-L107)/L107,0) -> 0.10298771
...

Sheet PV Sheep mail
E1: วันที่ทำรายการ | F1: (All) | I1: วันที่ทำรายการ | J1: 17/8/2026 | M1: วันที่ทำรายการ | N1: (All)
A3: Row Labels | B3: Sum of จำนวน | C3: Sum of ราคารวม | E3: Row Labels | F3: Sum of จำนวน | G3: Sum of ราคารวม | I3: Row Labels | J3: Sum of จำนวน | K3: Sum of ราคารวม | M3: Row Labels | N3: Sum of จำนวน | O3: Sum of ราคารวม | Q3: Sum of ราคารวม | R3: Column Labels
A4: (blank) | E4: 80100477 | F4: 36 | G4: 24391 | I4: 80100479 | J4: 2 | K4: 1980 | N4: 232 | O4: 137678.75 | Q4: Row Labels | R4: (blank) | S4: 1/8/2026 | T4: 2/8/2026 | U4: 3/8/2026 | V4: 4/8/2026 | W4: 5/8/2026 | X4: 6/8/2026 | Y4: 7/8/2026 | Z4: 8/8/2026 | AA4: 9/8/2026 | AB4: 10/8/2026 | AC4: 11/8/2026 | AD4: 12/8/2026 | AE4: 13/8/2026 | AF4: 14/8/2026 | AG4: 16/8/2026 | AH4: 15/8/2026 | AI4: 17/8/2026 | AJ4: Grand Total
A5: 1/8/2026 | B5: 156 | C5: 106229.3 | E5: 80100479 | F5: 44 | G5: 32451 | I5: 80100480 | J5: 1 | K5: 349 | M5: n | N5: 2 | O5: 690 | Q5: 80100476 | S5: 690 | T5: 690 | V5: 1580 | W5: 1870 | Z5: 890 | AA5: 3230 | AB5: 990 | AD5: 1080 | AE5: 2850 | AF5: 6430 | AG5: 4820 | AH5: 1480 | AI5: 1280 | AJ5: 27880
A6: 2/8/2026 | B6: 170 | C6: 105006.65 | E6: 80100480 | F6: 29 | G6: 17094.3 | I6: 80100483 | J6: 1 | K6: 890 | M6: 010 H2216 | N6: 1 | O6: 690 | Q6: 80100477 | S6: 2160 | T6: 890 | U6: 1480 | V6: 690 | Y6: 590 | AA6: 1780 | AB6: 5330 | AC6: 780 | AD6: 1480 | AE6: 4722 | AF6: 3250 | AH6: 1239 | AJ6: 24391
A7: 3/8/2026 | B7: 129 | C7: 77974.65 | E7: 80100483 | F7: 15 | G7: 11227 | I7: 80100484 | J7: 1 | K7: 349 | M7: 01017152 | N7: 2 | O7: 1780 | Q7: 80100479 | T7: 1680 | U7: 990 | V7: 2870 | W7: 3360 | X7: 1680 | Y7: 990 | Z7: 4018 | AA7: 2768 | AB7: 3268 | AC7: 590 | AD7: 3668 | AE7: 1629 | AF7: 1280 | AG7: 690 | AH7: 990 | AI7: 1980 | AJ7: 32451
A8: 4/8/2026 | B8: 138 | C8: 84483.95 | E8: 80100484 | F8: 34 | G8: 24937 | I8: 80100565 | J8: 3 | K8: 2670 | M8: 01017152 | N8: 1 | O8: 890 | Q8: 80100480 | S8: 890 | W8: 1809.3 | X8: 1480 | Y8: 1480 | Z8: 3170 | AA8: 1616 | AC8: 890 | AD8: 2070 | AE8: 1190 | AF8: 780 | AH8: 1370 | AI8: 349 | AJ8: 17094.3
A9: 5/8/2026 | B9: 129 | C9: 80096.5 | E9: 80100486 | F9: 17 | G9: 12089 | I9: 80100615 | J9: 1 | K9: 349 | M9: 01021762 | N9: 1 | O9: 990 | Q9: 80100481 | S9: 2470 | T9: 890 | U9: 590 | V9: 990 | Y9: 590 | Z9: 1670 | AA9: 1390 | AC9: 4240 | AD9: 980 | AE9: 2260 | AF9: 880 | AG9: 4620 | AH9: 2460 | AI9: 2260 | AJ9: 26290
A10: 6/8/2026 | B10: 141 | C10: 85354.75 | E10: 80100565 | F10: 30 | G10: 20999.05 | I10: 80100621 | J10: 3 | K10: 1370 | M10: 01024322 | N10: 1 | O10: 890 | Q10: 80100483 | S10: 590 | U10: 1980 | Y10: 349 | Z10: 590 | AD10: 1880 | AE10: 890 | AG10: 590 | AH10: 3468 | AI10: 890 | AJ10: 11227
A11: 7/8/2026 | B11: 134 | C11: 82952.3 | E11: 80100615 | F11: 19 | G11: 15669 | I11: 80100623 | J11: 12 | K11: 6513.05 | M11: 01025153 | N11: 4 | O11: 2719 | Q11: 80100484 | S11: 1780 | T11: 3560 | U11: 1780 | V11: 1180 | X11: 590 | AA11: 1770 | AB11: 690 | AC11: 2670 | AD11: 2070 | AE11: 890 | AF11: 349 | AG11: 3999 | AH11: 3260 | AI11: 349 | AJ11: 24937
A12: 8/8/2026 | B12: 208 | C12: 136887.75 | E12: 80100621 | F12: 23 | G12: 13670 | I12: 80100625 | J12: 1 | K12: 890 | M12: 01025153 | N12: 1 | O12: 890 | Q12: 80100486 | T12: 590 | V12: 1080 | AA12: 1180 | AB12: 1880 | AC12: 490 | AD12: 1339 | AF12: 690 | AG12: 2970 | AH12: 1870 | AJ12: 12089
A13: 9/8/2026 | B13: 236 | C13: 146874.95 | E13: 80100623 | F13: 460 | G13: 215893.2 | I13: 80100626 | J13: 1 | K13: 890 | M13: 01026318 | N13: 1 | O13: 890 | Q13: 80100487 | T13: 1280 | V13: 2270 | W13: 1380 | Y13: 1980 | Z13: 1380 | AA13: 2270 | AC13: 990 | AD13: 1189 | AE13: 990 | AH13: 2170 | AI13: 890 | AJ13: 16789
A14: 10/8/2026 | B14: 157 | C14: 81984.6 | E14: 80100625 | F14: 31 | G14: 24708.55 | I14: 80100836 | J14: 1 | K14: 590 | M14: 01026318 | N14: 1 | O14: 349 | Q14: 80100565 | S14: 890 | T14: 2660 | W14: 2029 | X14: 590 | Z14: 1280 | AA14: 2170 | AC14: 1680 | AD14: 590 | AF14: 2078 | AG14: 3672.05 | AH14: 690 | AI14: 2670 | AJ14: 20999.05
A15: 11/8/2026 | B15: 125 | C15: 80051.9 | E15: 80100626 | F15: 56 | G15: 20358 | I15: 80100837 | J15: 1 | K15: 890 | M15: 01026427 | N15: 2 | O15: 1080 | Q15: 80100615 | S15: 1680 | U15: 1780 | V15: 1680 | Z15: 1770 | AC15: 1880 | AD15: 3170 | AE15: 1380 | AF15: 990 | AH15: 990 | AI15: 349 | AJ15: 15669
A16: 12/8/2026 | B16: 228 | C16: 152472.05 | E16: 80100754 | F16: 7 | G16: 5089 | I16: 80100840 | J16: 1 | K16: 890 | M16: 01026587 | N16: 1 | O16: 890 | Q16: 80100621 | S16: 990 | T16: 590 | U16: 1680 | V16: 1960 | X16: 980 | Y16: 690 | Z16: 690 | AA16: 1570 | AB16: 590 | AD16: 490 | AE16: 490 | AF16: 990 | AH16: 590 | AI16: 1370 | AJ16: 13670
A17: 13/8/2026 | B17: 137 | C17: 85375.75 | E17: 80100756 | F17: 10 | G17: 6718 | I17: 80100925 | J17: 7 | K17: 3950 | M17: 01029194 | N17: 5 | O17: 3809 | Q17: 80100622 | Z17: 3758 | AA17: 3740 | AB17: 2670 | AD17: 5040 | AE17: 3162.05 | AF17: 4120 | AH17: 939 | AI17: 4140 | AJ17: 27569.05
A18: 14/8/2026 | B18: 163 | C18: 103040.65 | E18: 80100763 | F18: 4 | G18: 2960 | I18: 80100928 | J18: 4 | K18: 2560 | M18: 01030759 | N18: 1 | O18: 890 | Q18: 80100623 | S18: 13608.05 | T18: 13534.1 | U18: 7760.6 | V18: 11381.65 | W18: 10855.1 | X18: 22471.15 | Y18: 14407.75 | Z18: 17959.55 | AA18: 14069.1 | AB18: 9111.05 | AC18: 8109 | AD18: 9076 | AE18: 12665 | AF18: 14346.1 | AG18: 15008.85 | AH18: 15017.1 | AI18: 6513.05 | AJ18: 215893.2
A19: 16/8/2026 | B19: 205 | C19: 128374.95 | E19: 80100836 | F19: 12 | G19: 8396.1 | I19: 80101067 | J19: 1 | K19: 890 | M19: 01032158 | N19: 2 | O19: 1339 | Q19: 80100625 | S19: 890 | T19: 890 | U19: 590 | V19: 2229 | W19: 890 | Y19: 3591.55 | Z19: 1539 | AA19: 1480 | AB19: 890 | AD19: 1880 | AE19: 1929 | AG19: 3260 | AH19: 3760 | AI19: 890 | AJ19: 24708.55
A20: 15/8/2026 | B20: 208 | C20: 126827.8 | E20: 80100837 | F20: 32 | G20: 22787.2 | I20: 80101068 | J20: 1 | K20: 890 | M20: 01032621 | N20: 1 | O20: 690 | Q20: 80100626 | S20: 890 | U20: 1239 | V20: 590 | Y20: 2129 | Z20: 2070 | AA20: 590 | AB20: 590 | AC20: 890 | AD20: 5340 | AF20: 890 | AG20: 3360 | AH20: 890 | AI20: 890 | AJ20: 20358
A21: 17/8/2026 | B21: 112 | C21: 75248.05 | E21: 80100840 | F21: 55 | G21: 35096.65 | I21: 80101070 | J21: 4 | K21: 2460 | M21: 01032631 | N21: 1 | O21: 690 | Q21: 80100750 | T21: 1470 | U21: 2240 | V21: 490 | X21: 880 | Y21: 2470 | AB21: 990 | AD21: 490 | AE21: 690 | AF21: 590 | AG21: 490 | AI21: 698 | AJ21: 11498
A22: Grand Total | B22: 2776 | C22: 1739236.6 | E22: 80100842 | F22: 6 | G22: 4940 | I22: 80101071 | J22: 1 | K22: 990 | M22: 01032838 | N22: 6 | O22: 3950 | Q22: 80100754 | T22: 1680 | U22: 1480 | Z22: 690 | AB22: 349 | AD22: 890 | AJ22: 5089
E23: 80100925 | F23: 225 | G23: 120350.25 | I23: 80101115 | J23: 1 | K23: 890 | M23: 01033603 | N23: 12 | O23: 7389 | Q23: 80100756 | Y23: 590 | AC23: 1080 | AD23: 2029 | AF23: 1339 | AG23: 1680 | AJ23: 6718
E24: 80100928 | F24: 25 | G24: 17768 | I24: 80101183 | J24: 3 | K24: 2070 | M24: 0103911 | N24: 1 | O24: 290 | Q24: 80100763 | U24: 890 | Z24: 590 | AA24: 890 | AB24: 590 | AJ24: 2960
E25: 80101067 | F25: 11 | G25: 7449 | I25: 80101185 | J25: 1 | K25: 890 | M25: 01040454 | N25: 4 | O25: 2660 | Q25: 80100782 | W25: 490 | AE25: 990 | AH25: 490 | AI25: 1470 | AJ25: 3440
E26: 80101068 | F26: 13 | G26: 9570 | I26: 80101214 | J26: 1 | K26: 690 | M26: 01040503 | N26: 3 | O26: 2370 | Q26: 80100822 | S26: 2891 | T26: 2260 | U26: 880 | W26: 2719 | X26: 2577.05 | AB26: 1221.55 | AC26: 4954.1 | AD26: 2229 | AE26: 4192.55 | AF26: 2760 | AG26: 690 | AI26: 741 | AJ26: 28115.25
E27: 80101070 | F27: 64 | G27: 42760 | I27: 80101263 | J27: 2 | K27: 1680 | M27: 01040516 | N27: 4 | O27: 2635 | Q27: 80100836 | S27: 1290 | W27: 990 | Y27: 1388 | AA27: 1268.1 | AD27: 990 | AE27: 1880 | AI27: 590 | AJ27: 8396.1
E28: 80101071 | F28: 42 | G28: 30831.1 | I28: 80101266 | J28: 1 | K28: 890 | M28: 01042235 | N28: 1 | O28: 590 | Q28: 80100837 | S28: 690 | V28: 890 | W28: 590 | X28: 890 | Y28: 3260 | Z28: 890 | AA28: 2470 | AB28: 1580 | AC28: 4509.2 | AD28: 590 | AE28: 1480 | AF28: 2229 | AH28: 1829 | AI28: 890 | AJ28: 22787.2
E29: 80101115 | F29: 15 | G29: 12450 | I29: 80101303 | J29: 1 | K29: 990 | M29: 01043911 | N29: 6 | O29: 4540 | Q29: 80100838 | U29: 690 | W29: 1489 | X29: 199 | AA29: 690 | AF29: 690 | AH29: 2070 | AJ29: 5828
E30: 80101182 | F30: 13 | G30: 9670 | I30: 80101305 | J30: 5 | K30: 4450 | M30: 01043914 | N30: 9 | O30: 5410 | Q30: 80100839 | T30: 890 | V30: 590 | Y30: 1047 | Z30: 199 | AB30: 890 | AC30: 890 | AD30: 1880 | AG30: 990 | AJ30: 7376
E31: 80101183 | F31: 39 | G31: 24410 | I31: 80101306 | J31: 2 | K31: 1380 | M31: 01044539 | N31: 2 | O31: 1480 | Q31: 80100840 | S31: 890 | T31: 590 | U31: 1026 | V31: 1180 | W31: 890 | Y31: 2960 | Z31: 4330 | AA31: 3340 | AB31: 3260 | AC31: 1280 | AD31: 2716 | AE31: 490 | AF31: 2791 | AG31: 2560 | AH31: 5903.65 | AI31: 890 | AJ31: 35096.65
E32: 80101185 | F32: 54 | G32: 34809.05 | I32: 80101312 | J32: 1 | K32: 990 | M32: 01044539 | N32: 1 | O32: 890 | Q32: 80100841 | U32: 590 | AJ32: 590
E33: 80101186 | F33: 20 | G33: 14000 | I33: 80101340 | J33: 1 | K33: 590 | M33: 01045422 | N33: 1 | O33: 349 | Q33: 80100842 | S33: 890 | W33: 590 | AE33: 990 | AF33: 590 | AG33: 890 | AH33: 990 | AJ33: 4940
E34: 80101189 | F34: 26 | G34: 16158 | I34: 80101391 | J34: 2 | K34: 1280 | M34: 01046318 | N34: 4 | O34: 2660 | Q34: 80100854 | AA34: 1239 | AJ34: 1239
E35: 80101196 | F35: 16 | G35: 12040 | I35: 80100476 | J35: 2 | K35: 1280 | M35: 01046971 | N35: 2 | O35: 1239 | Q35: 80100925 | S35: 16544.2 | T35: 14396.5 | U35: 7211.05 | V35: 7024.15 | W35: 1580 | X35: 6842.55 | Y35: 2681 | Z35: 6692.05 | AA35: 10291.05 | AB35: 1580 | AC35: 890 | AD35: 12461.05 | AE35: 3257.05 | AF35: 4258.55 | AG35: 8900 | AH35: 11791.05 | AI35: 3950 | AJ35: 120350.25
E36: 80101214 | F36: 24 | G36: 18184.65 | I36: 80100487 | J36: 1 | K36: 890 | M36: 01047016 | N36: 1 | O36: 590 | Q36: 80100926 | S36: 4540 | T36: 2770 | V36: 990 | W36: 1480 | Y36: 590 | Z36: 1870 | AA36: 1580 | AD36: 349 | AG36: 2270 | AJ36: 16439
E37: 80101222 | F37: 15 | G37: 8918 | I37: 80101647 | J37: 5 | K37: 3350 | M37: 01047181 | N37: 7 | O37: 4940 | Q37: 80100928 | S37: 1780 | W37: 1380 | Y37: 349 | AA37: 2470 | AC37: 2960 | AD37: 1970 | AE37: 1580 | AF37: 890 | AG37: 1480 | AH37: 349 | AI37: 2560 | AJ37: 17768
E38: 80101263 | F38: 19 | G38: 14726 | I38: 80100782 | J38: 3 | K38: 1470 | M38: 01047197 | N38: 1 | O38: 590 | Q38: 80101067 | U38: 590 | W38: 349 | X38: 1180 | Z38: 690 | AA38: 890 | AE38: 1580 | AF38: 590 | AH38: 690 | AI38: 890 | AJ38: 7449
E39: 80101266 | F39: 14 | G39: 10969 | I39: 80101119 | J39: 2 | K39: 980 | M39: 01047304 | N39: 2 | O39: 398 | Q39: 80101068 | W39: 890 | Z39: 3540 | AA39: 1880 | AG39: 590 | AH39: 1780 | AI39: 890 | AJ39: 9570
E40: 80101303 | F40: 31 | G40: 22379 | I40: 80101584 | J40: 1 | K40: 890 | M40: 01048298 | N40: 1 | O40: 890 | Q40: 80101070 | S40: 1780 | T40: 2360 | U40: 590 | W40: 1780 | X40: 3940 | Y40: 590 | Z40: 6010 | AA40: 6410 | AB40: 890 | AC40: 1880 | AD40: 6310 | AE40: 880 | AF40: 3650 | AG40: 590 | AH40: 2640 | AI40: 2460 | AJ40: 42760
E41: 80101305 | F41: 25 | G41: 14842 | I41: 80100481 | J41: 4 | K41: 2260 | M41: 01049059 | N41: 2 | O41: 1580 | Q41: 80101071 | S41: 1480 | T41: 1580 | U41: 690 | V41: 690 | X41: 1280 | Y41: 3360 | Z41: 6036.05 | AA41: 5337.05 | AC41: 939 | AD41: 290 | AE41: 590 | AF41: 1780 | AG41: 1929 | AH41: 3860 | AI41: 990 | AJ41: 30831.1
E42: 80101306 | F42: 13 | G42: 9729 | I42: 80100622 | J42: 6 | K42: 4140 | M42: 01049324 | N42: 1 | O42: 590 | Q42: 80101115 | V42: 2370 | X42: 2670 | Z42: 1780 | AA42: 1480 | AD42: 1480 | AF42: 1780 | AI42: 890 | AJ42: 12450
E43: 80101307 | F43: 10 | G43: 6700 | I43: 80101296 | J43: 1 | K43: 690 | M43: 01049648 | N43: 3 | O43: 2470 | Q43: 80101117 | Z43: 590 | AA43: 1288 | AD43: 990 | AE43: 880 | AI43: 690 | AJ43: 4438
E44: 80101309 | F44: 5 | G44: 4050 | I44: 80101198 | J44: 2 | K44: 1780 | M44: 01049983 | N44: 1 | O44: 990 | Q44: 80101119 | S44: 2670 | T44: 2760 | U44: 1570 | V44: 2560 | W44: 2129 | X44: 1670 | Y44: 1380 | Z44: 1770 | AA44: 1270 | AB44: 2670 | AC44: 2670 | AD44: 2070 | AE44: 990 | AF44: 1670 | AG44: 2270 | AH44: 1280 | AI44: 980 | AJ44: 32379
E45: 80101312 | F45: 36 | G45: 26644.15 | I45: 80100750 | J45: 2 | K45: 698 | M45: 01052573 | N45: 1 | O45: 590 | Q45: 80101180 | T45: 1380 | X45: 590 | AD45: 1770 | AE45: 590 | AF45: 890 | AJ45: 5220
E46: 80101340 | F46: 66 | G46: 36769 | I46: 80101117 | J46: 1 | K46: 690 | M46: 01053154 | N46: 2 | O46: 780 | Q46: 80101182 | S46: 690 | T46: 590 | V46: 290 | W46: 1880 | Z46: 590 | AA46: 1580 | AD46: 1880 | AF46: 1580 | AH46: 590 | AJ46: 9670
E47: 80101341 | F47: 16 | G47: 9647 | I47: 80101313 | J47: 1 | K47: 990 | M47: 01053411 | N47: 2 | O47: 1980 | Q47: 80101183 | S47: 890 | T47: 2260 | U47: 890 | V47: 1580 | W47: 590 | X47: 1780 | Y47: 590 | Z47: 1770 | AA47: 3340 | AB47: 2050 | AC47: 1480 | AD47: 2070 | AE47: 590 | AF47: 1870 | AH47: 590 | AI47: 2070 | AJ47: 24410
E48: 80101349 | F48: 14 | G48: 8371.1 | I48: 80100822 | J48: 2 | K48: 741 | M48: 01053636 | N48: 1 | O48: 590 | Q48: 80101185 | S48: 3262.05 | T48: 3250 | U48: 990 | V48: 749 | W48: 1180 | X48: 780 | Y48: 990 | Z48: 4230 | AA48: 5020 | AB48: 3018 | AC48: 990 | AD48: 3340 | AF48: 890 | AG48: 3060 | AH48: 2170 | AI48: 890 | AJ48: 34809.05
E49: 80101358 | F49: 22 | G49: 17048 | I49: 80101713 | J49: 5 | K49: 3509 | M49: 01054343 | N49: 1 | O49: 349 | Q49: 80101186 | S49: 3450 | T49: 1180 | U49: 2270 | V49: 290 | W49: 690 | Y49: 1580 | Z49: 890 | AA49: 1280 | AC49: 590 | AG49: 890 | AH49: 890 | AJ49: 14000
E50: 80101391 | F50: 75 | G50: 51283.05 | I50: 80101702 | J50: 1 | K50: 590 | M50: 01055067 | N50: 3 | O50: 1970 | Q50: 80101189 | S50: 2070 | U50: 990 | V50: 2229 | W50: 1970 | Z50: 1480 | AA50: 390 | AB50: 290 | AC50: 390 | AD50: 2660 | AE50: 590 | AF50: 1080 | AG50: 390 | AH50: 1629 | AJ50: 16158
E51: 80101629 | F51: 37 | G51: 26230 | I51: 80101703 | J51: 2 | K51: 1180 | M51: 01055160 | N51: 2 | O51: 1180 | Q51: 80101196 | S51: 590 | T51: 590 | U51: 1780 | Y51: 2370 | AA51: 1480 | AB51: 1180 | AF51: 590 | AG51: 2570 | AH51: 890 | AJ51: 12040
E52: #N/A | I52: 80101712 | J52: 2 | K52: 1380 | M52: 01055203 | N52: 2 | O52: 1580 | Q52: 80101198 | S52: 1480 | T52: 890 | U52: 890 | V52: 890 | W52: 890 | Y52: 1780 | Z52: 1780 | AA52: 1780 | AB52: 890 | AC52: 1780 | AD52: 2960 | AE52: 939 | AH52: 349 | AI52: 1780 | AJ52: 19078
E53: (blank) | I53: 80101698 | J53: 1 | K53: 590 | M53: 01055221 | N53: 15 | O53: 6659 | Q53: 80101214 | Y53: 2470 | Z53: 3260 | AA53: 2574.65 | AB53: 2770 | AC53: 890 | AD53: 590 | AE53: 990 | AF53: 690 | AG53: 1880 | AH53: 1380 | AI53: 690 | AJ53: 18184.65
E54: 80100476 | F54: 42 | G54: 27880 | I54: Grand Total | J54: 112 | K54: 75248.05 | M54: 01055559 | N54: 2 | O54: 1680 | Q54: 80101221 | S54: 390 | T54: 349 | V54: 990 | W54: 1580 | Z54: 990 | AE54: 890 | AG54: 1380 | AJ54: 6569
E55: 80101221 | F55: 9 | G55: 6569 | M55: 01055947 | N55: 1 | O55: 490 | Q55: 80101222 | S55: 990 | T55: 590 | W55: 1180 | X55: 349 | Y55: 1770 | Z55: 1670 | AC55: 590 | AE55: 690 | AG55: 1089 | AJ55: 8918
E56: 80100926 | F56: 22 | G56: 16439 | M56: 01055950 | N56: 1 | O56: 499 | Q56: 80101225 | V56: 349 | W56: 939 | X56: 890 | AA56: 1480 | AB56: 890 | AC56: 2582.05 | AD56: 1580 | AG56: 590 | AH56: 1480 | AJ56: 10780.05
E57: 80101304 | F57: 15 | G57: 9386.55 | M57: 01056133 | N57: 3 | O57: 2129 | Q57: 80101263 | S57: 2370 | U57: 2870 | W57: 1560 | Z57: 890 | AA57: 3376 | AE57: 990 | AF57: 990 | AI57: 1680 | AJ57: 14726
E58: 80100487 | F58: 22 | G58: 16789 | M58: 01056426 | N58: 5 | O58: 2750 | Q58: 80101264 | T58: 690 | V58: 990 | X58: 890 | Y58: 1080 | Z58: 590 | AD58: 890 | AE58: 990 | AG58: 390 | AH58: 890 | AJ58: 7400
E59: 80101647 | F59: 28 | G59: 19291 | M59: 01056575 | N59: 4 | O59: 1660 | Q59: 80101266 | S59: 590 | T59: 1780 | V59: 990 | X59: 1680 | Z59: 990 | AD59: 890 | AH59: 3159 | AI59: 890 | AJ59: 10969
E60: 80100782 | F60: 6 | G60: 3440 | M60: 01057393 | N60: 19 | O60: 12010 | Q60: 80101292 | V60: 1584.65 | W60: 890 | X60: 349 | AD60: 698 | AJ60: 3521.65
E61: 80101119 | F61: 48 | G61: 32379 | M61: 01058516 | N61: 1 | O61: 990 | Q61: 80101296 | V61: 649 | W61: 349 | X61: 890 | Y61: 1180 | AA61: 1580 | AG61: 990 | AH61: 990 | AI61: 690 | AJ61: 7318
E62: 80100841 | F62: 1 | G62: 590 | M62: 01059507 | N62: 2 | O62: 1680 | Q62: 80101303 | S62: 1680 | U62: 1980 | V62: 1680 | W62: 1380 | X62: 869 | Z62: 880 | AA62: 2670 | AD62: 2560 | AE62: 1380 | AF62: 2170 | AG62: 690 | AH62: 3450 | AI62: 990 | AJ62: 22379
E63: 80101584 | F63: 10 | G63: 7027 | M63: 01059591 | N63: 1 | O63: 990 | Q63: 80101304 | S63: 1239 | T63: 349 | W63: 1588 | X63: 890 | AB63: 1880 | AC63: 1760.55 | AH63: 1680 | AJ63: 9386.55
E64: 80100838 | F64: 9 | G64: 5828 | M64: 01059940 | N64: 2 | O64: 1980 | Q64: 80101305 | S64: 690 | T64: 1329 | V64: 1529 | W64: 1888 | Z64: 1829 | AA64: 749 | AE64: 1339 | AF64: 690 | AG64: 349 | AI64: 4450 | AJ64: 14842
E65: 80101627 | F65: 34 | G65: 18819 | M65: 01060532 | N65: 2 | O65: 1780 | Q65: 80101306 | T65: 980 | V65: 990 | Y65: 990 | AD65: 2970 | AE65: 690 | AF65: 990 | AH65: 739 | AI65: 1380 | AJ65: 9729
E66: 80100481 | F66: 41 | G66: 26290 | M66: 01062511 | N66: 6 | O66: 3740 | Q66: 80101307 | T66: 890 | W66: 890 | Z66: 890 | AA66: 890 | AC66: 980 | AD66: 1570 | AH66: 590 | AJ66: 6700
E67: 80100622 | F67: 43 | G67: 27569.05 | M67: 01062540 | N67: 1 | O67: 159 | Q67: 80101309 | T67: 990 | U67: 1680 | AA67: 690 | AC67: 690 | AJ67: 4050
E68: 80101348 | F68: 6 | G68: 4949 | M68: 01062623 | N68: 8 | O68: 6120 | Q68: 80101312 | S68: 1921 | T68: 349 | V68: 2970 | W68: 2544.1 | X68: 990 | Y68: 990 | Z68: 4309 | AC68: 349 | AD68: 2970 | AE68: 1562.05 | AF68: 2970 | AG68: 1370 | AH68: 2360 | AI68: 990 | AJ68: 26644.15
E69: 80101628 | F69: 16 | G69: 11899 | M69: 01062623 | N69: 2 | O69: 1480 | Q69: 80101313 | U69: 890 | W69: 990 | Z69: 690 | AD69: 690 | AE69: 1881 | AI69: 990 | AJ69: 6131
E70: 80101296 | F70: 11 | G70: 7318 | M70: 01065595 | N70: 6 | O70: 4399 | Q70: 80101340 | T70: 2470 | U70: 1180 | V70: 349 | W70: 2080 | Z70: 4230 | AA70: 5519 | AB70: 2640 | AC70: 1380 | AD70: 4220 | AE70: 1670 | AF70: 1870 | AG70: 6131 | AH70: 2440 | AI70: 590 | AJ70: 36769
E71: 80100854 | F71: 2 | G71: 1239 | M71: 01067123 | N71: 1 | O71: 890 | Q71: 80101341 | S71: 908 | U71: 1339 | X71: 590 | Y71: 590 | AC71: 890 | AF71: 890 | AG71: 890 | AH71: 3550 | AJ71: 9647
E72: 80101198 | F72: 24 | G72: 19078 | M72: 01067699 | N72: 18 | O72: 9879 | Q72: 80101348 | T72: 990 | X72: 1480 | AB72: 499 | AC72: 990 | AF72: 990 | AJ72: 4949
E73: 80100750 | F73: 22 | G73: 11498 | M73: 01068611 | N73: 4 | O73: 3360 | Q73: 80101349 | S73: 349 | U73: 199 | V73: 690 | W73: 1881 | Z73: 663.1 | AA73: 690 | AB73: 990 | AC73: 1870 | AF73: 690 | AH73: 349 | AJ73: 8371.1
E74: 80101225 | F74: 16 | G74: 10780.05 | M74: 01068673 | N74: 5 | O74: 2859 | Q74: 80101358 | S74: 3119 | T74: 1960 | W74: 690 | X74: 2870 | Y74: 890 | AD74: 3069 | AE74: 990 | AF74: 1980 | AH74: 1480 | AJ74: 17048
E75: 80101264 | F75: 10 | G75: 7400 | M75: 01068985 | N75: 1 | O75: 890 | Q75: 80101391 | T75: 6310.05 | U75: 3850 | V75: 3209 | W75: 1339 | X75: 4840 | Y75: 3940 | Z75: 3366 | AA75: 4551 | AB75: 1380 | AC75: 2260 | AD75: 4023 | AE75: 690 | AF75: 1729 | AG75: 3468 | AH75: 5048 | AI75: 1280 | AJ75: 51283.05
E76: 80101418 | F76: 19 | G76: 10869 | M76: 01069194 | N76: 4 | O76: 3052.05 | Q76: 80101418 | T76: 2640 | U76: 590 | W76: 290 | AA76: 980 | AD76: 890 | AG76: 3899 | AH76: 1580 | AJ76: 10869
E77: 80101117 | F77: 8 | G77: 4438 | M77: 01069194 | N77: 1 | O77: 890 | Q77: 80101584 | T77: 890 | W77: 349 | AB77: 990 | AC77: 990 | AD77: 1238 | AG77: 1680 | AI77: 890 | AJ77: 7027
E78: 80101313 | F78: 7 | G78: 6131 | M78: 01069523 | N78: 2 | O78: 1680 | Q78: 80101627 | T78: 2550 | V78: 1670 | W78: 880 | X78: 6249 | Y78: 2550 | Z78: 390 | AD78: 990 | AE78: 980 | AG78: 1670 | AH78: 890 | AJ78: 18819
E79: 80101292 | F79: 8 | G79: 3521.65 | M79: 01070028 | N79: 1 | O79: 159 | Q79: 80101628 | S79: 990 | V79: 890 | W79: 290 | Z79: 2870 | AA79: 2119 | AB79: 1480 | AD79: 1780 | AF79: 890 | AH79: 590 | AJ79: 11899
E80: 80100839 | F80: 11 | G80: 7376 | M80: 01070042 | N80: 1 | O80: 890 | Q80: 80101629 | T80: 890 | U80: 890 | X80: 990 | Z80: 2670 | AA80: 2570 | AB80: 3750 | AC80: 390 | AD80: 2960 | AE80: 1470 | AF80: 1380 | AG80: 7190 | AH80: 1080 | AJ80: 26230
E81: 80100822 | F81: 43 | G81: 28115.25 | M81: 01070664 | N81: 3 | O81: 1929 | Q81: 80101632 | S81: 398 | U81: 4650 | V81: 1480 | Y81: 890 | Z81: 890 | AA81: 1380 | AC81: 1380 | AD81: 2169 | AE81: 398 | AF81: 990 | AG81: 398 | AJ81: 15023
E82: 80101180 | F82: 8 | G82: 5220 | M82: 01072677 | N82: 8 | O82: 5120 | Q82: 80101647 | T82: 990 | W82: 1680 | Z82: 690 | AA82: 1680 | AB82: 3150 | AC82: 1870 | AD82: 2670 | AE82: 990 | AF82: 1831 | AH82: 390 | AI82: 3350 | AJ82: 19291
E83: 80101632 | F83: 33 | G83: 15023 | M83: 01073000 | N83: 4 | O83: 2460 | Q83: 80101691 | W83: 990 | Y83: 1380 | Z83: 990 | AA83: 890 | AD83: 2470 | AE83: 1580 | AF83: 890 | AG83: 349 | AH83: 349 | AJ83: 9888
E84: 80101713 | F84: 33 | G84: 24432.1 | M84: 01073000 | N84: 2 | O84: 1580 | Q84: 80101692 | S84: 1280 | T84: 690 | U84: 990 | V84: 1980 | AA84: 590 | AD84: 1680 | AG84: 2460 | AH84: 590 | AJ84: 10260
E85: 80101692 | F85: 14 | G85: 10260 | M85: 01073230 | N85: 2 | O85: 1880 | Q85: 80101693 | S85: 890 | V85: 2881.5 | Z85: 1080 | AA85: 1970 | AC85: 490 | AD85: 4150 | AE85: 890 | AF85: 1280 | AG85: 690 | AJ85: 14321.5
E86: 80101697 | F86: 21 | G86: 17149 | M86: 01073421 | N86: 15 | O86: 7150 | Q86: 80101695 | T86: 590 | AA86: 1880 | AB86: 2270 | AE86: 290 | AH86: 290 | AJ86: 5320
E87: 80101708 | F87: 12 | G87: 8980 | M87: 01073716 | N87: 4 | O87: 3160 | Q87: 80101696 | S87: 980 | T87: 1380 | Y87: 290 | Z87: 1670 | AB87: 490 | AC87: 290 | AD87: 690 | AG87: 990 | AJ87: 6780
E88: 80101699 | F88: 6 | G88: 4340 | M88: 01074241 | N88: 4 | O88: 3160 | Q88: 80101697 | T88: 990 | V88: 690 | W88: 690 | X88: 890 | Y88: 1880 | Z88: 990 | AA88: 3160 | AC88: 1680 | AD88: 990 | AE88: 839 | AF88: 1480 | AG88: 1980 | AH88: 890 | AJ88: 17149
E89: 80101707 | F89: 11 | G89: 8290 | M89: 01074715 | N89: 2 | O89: 1180 | Q89: 80101698 | S89: 2370 | T89: 1080 | V89: 2460 | W89: 890 | Z89: 990 | AB89: 2470 | AC89: 349 | AF89: 590 | AI89: 590 | AJ89: 11789
E90: 80101705 | F90: 21 | G90: 17008 | M90: 01074850 | N90: 1 | O90: 159 | Q90: 80101699 | S90: 890 | W90: 190 | X90: 1980 | AC90: 290 | AH90: 990 | AJ90: 4340
E91: 80101702 | F91: 16 | G91: 9840 | M91: 01075152 | N91: 1 | O91: 890 | Q91: 80101700 | S91: 690 | U91: 690 | W91: 990 | Y91: 290 | AA91: 690 | AD91: 1039 | AE91: 690 | AJ91: 5079
E92: 80101709 | F92: 14 | G92: 7260 | M92: 01075327 | N92: 2 | O92: 1339 | Q92: 80101702 | S92: 1180 | U92: 290 | X92: 890 | Y92: 890 | AE92: 1180 | AF92: 1770 | AG92: 1580 | AH92: 1470 | AI92: 590 | AJ92: 9840
E93: 80101703 | F93: 7 | G93: 4730 | M93: 01075328 | N93: 2 | O93: 590 | Q93: 80101703 | Z93: 590 | AD93: 690 | AF93: 1280 | AH93: 990 | AI93: 1180 | AJ93: 4730
E94: 80101710 | F94: 6 | G94: 4200 | M94: 01075608 | N94: 8 | O94: 6227.05 | Q94: 80101705 | S94: 890 | T94: 990 | U94: 2770 | V94: 890 | W94: 890 | Z94: 890 | AA94: 890 | AB94: 2129 | AC94: 1480 | AD94: 2470 | AF94: 1480 | AG94: 890 | AH94: 349 | AJ94: 17008
E95: 80101696 | F95: 12 | G95: 6780 | M95: 01075618 | N95: 1 | O95: 590 | Q95: 80101706 | S95: 2470 | U95: 1770 | X95: 990 | Y95: 1480 | Z95: 1180 | AA95: 2370 | AB95: 290 | AC95: 2460 | AD95: 680 | AE95: 1180 | AF95: 880 | AG95: 590 | AH95: 590 | AJ95: 16930
E96: 80101691 | F96: 13 | G96: 9888 | M96: 01079258 | N96: 5 | O96: 3009 | Q96: 80101707 | X96: 890 | Y96: 890 | Z96: 2370 | AB96: 590 | AC96: 1080 | AD96: 890 | AF96: 990 | AG96: 590 | AJ96: 8290
E97: 80101695 | F97: 8 | G97: 5320 | M97: 01079538 | N97: 6 | O97: 2880.05 | Q97: 80101708 | S97: 590 | T97: 1770 | U97: 1280 | W97: 890 | Z97: 1780 | AG97: 2670 | AJ97: 8980
E98: 80101693 | F98: 21 | G98: 14321.5 | M98: 01079936 | N98: 6 | O98: 4040 | Q98: 80101709 | T98: 690 | U98: 1370 | X98: 590 | Y98: 390 | Z98: 690 | AA98: 590 | AF98: 690 | AG98: 1670 | AH98: 580 | AJ98: 7260
E99: 80101712 | F99: 18 | G99: 13320 | M99: 01080876 | N99: 6 | O99: 3717 | Q99: 80101710 | S99: 990 | AB99: 980 | AE99: 349 | AH99: 1881 | AJ99: 4200
E100: 80101700 | F100: 8 | G100: 5079 | M100: 01080991 | N100: 1 | O100: 349 | Q100: 80101711 | S100: 290 | W100: 1880 | Y100: 1480 | AB100: 2329 | AC100: 590 | AD100: 690 | AE100: 290 | AF100: 390 | AJ100: 7939
E101: 80101711 | F101: 12 | G101: 7939 | M101: 01081353 | N101: 10 | O101: 5869 | Q101: 80101712 | S101: 990 | U101: 690 | V101: 1480 | Z101: 890 | AA101: 1280 | AB101: 1670 | AC101: 990 | AD101: 1580 | AG101: 1480 | AH101: 890 | AI101: 1380 | AJ101: 13320
...

Sheet Data Mail
A1: รายการ | B1: สร้างโดย | C1: ช่องทางการขาย | D1: วันที่ทำรายการ | E1: ส่วนลด | F1: รายได้จาก Platform | G1: มูลค่ารวมก่อนภาษี | H1: ภาษีมูลค่าเพิ่ม | I1: มูลค่า | J1: หมายเหตุ | K1: สถานะรายการ | L1: คลัง/สาขา | M1: สถานะการชำระเงิน | N1: ใบกำกับภาษี | O1: ช่องทางการชำระเงิน | P1: จำนวนเงินที่ชำระ | Q1: วันที่ชำระเงิน | R1: รหัสสินค้า | S1: ชื่อสินค้า | T1: จำนวน | U1: ราคาต่อหน่วย | V1: ส่วนลดต่อหน่วย | W1: ราคารวม | X1: ล็อต | Y1: หมวดหมู่ | Z1: Shop Code | AA1: Shop Name | AB1: AREA | AC1: Regional
A2: RC-142-202608026 | B2: True Shop Central Pinklao 3Fl. | C2: POS | D2: 17/8/2026 | E2: 0.0 | F2: 0 | G2: 831.78 | H2: 58.22 | I2: 890 | J2: 01017152 | K2: สำเร็จ | L2: True Shop Central Pinklao 3Fl. | M2: ชำระครบ | O2: KBANK | P2: 890 | Q2: 17/8/2026 20:48 | R2: 4IPH172IMM516 | S2: Sheep Canvas 17 Pro - Cinnamoroll | T2: 1 | U2: 990 | V2: 100.0 | W2: 890 | Y2: Sanrio x Sheep | Z2: =VLOOKUP(B2,Sheet1!A$4:F$4000,2,0) -> 80100626 | AA2: =VLOOKUP(B2,Sheet1!A$4:F$4000,3,0) -> True Shop Central Pinklao 3Fl. | AB2: =VLOOKUP(B2,Sheet1!A$4:F$4000,4,0) -> BMA II - South West | AC2: =VLOOKUP(B2,Sheet1!A$4:F$4000,6,0) -> BMA
A3: RC-125-202608211 | B3: TRUE - Central Rama 9 | C3: POS | D3: 17/8/2026 | E3: 0.0 | F3: 0 | G3: 925.23 | H3: 64.77 | I3: 990 | J3: b | K3: สำเร็จ | L3: True Shop Central Rama 9 | M3: ชำระครบ | O3: KBANK | P3: 990 | Q3: 17/8/2026 20:45 | R3: 9IPH173IMM434 | S3: iPhone 17 Pro Max Magsafe - Esther Bunny | T3: 1 | U3: 990 | V3: 0.0 | W3: 990 | Y3: Esther Bunny x Sheep | Z3: =VLOOKUP(B3,Sheet1!A$4:F$4000,2,0) -> 80100623 | AA3: =VLOOKUP(B3,Sheet1!A$4:F$4000,3,0) -> True Shop Central Rama 9 | AB3: =VLOOKUP(B3,Sheet1!A$4:F$4000,4,0) -> BMA V - Central | AC3: =VLOOKUP(B3,Sheet1!A$4:F$4000,6,0) -> BMA
A4: RC-133-202608056 | B4: True Shop Central Chanthaburi | C4: POS | D4: 17/8/2026 | E4: 0.0 | F4: 0 | G4: 1196.26 | H4: 83.74 | I4: 1280 | J4: 1280879 | K4: สำเร็จ | L4: True Shop Central Chanthaburi | M4: ชำระครบ | O4: KBANK | P4: 1280 | Q4: 17/8/2026 20:23 | R4: 5IPH173IMM503 | S4: iPhone 17 Pro Max Magsafe - Stitch Travel | T4: 1 | U4: 990 | V4: 71.74 | W4: 918.26 | Y4: Disney x Sheep | Z4: =VLOOKUP(B4,Sheet1!A$4:F$4000,2,0) -> 80101391 | AA4: =VLOOKUP(B4,Sheet1!A$4:F$4000,3,0) -> True Shop Central Chanthaburi | AB4: =VLOOKUP(B4,Sheet1!A$4:F$4000,4,0) -> UPC - East | AC4: =VLOOKUP(B4,Sheet1!A$4:F$4000,6,0) -> UPC II
A5: RC-133-202608056 | B5: True Shop Central Chanthaburi | C5: POS | D5: 17/8/2026 | J5: 1280879 | K5: สำเร็จ | L5: True Shop Central Chanthaburi | M5: ชำระครบ | R5: 2SCP172BCG004 | S5: Sheep Bullet Camera Glass iPhone 17 Pro /17 Pro Max - Blue | T5: 1 | U5: 390 | V5: 28.26 | W5: 361.74 | Y5: Screen Protector | Z5: =VLOOKUP(B5,Sheet1!A$4:F$4000,2,0) -> 80101391 | AA5: =VLOOKUP(B5,Sheet1!A$4:F$4000,3,0) -> True Shop Central Chanthaburi | AB5: =VLOOKUP(B5,Sheet1!A$4:F$4000,4,0) -> UPC - East | AC5: =VLOOKUP(B5,Sheet1!A$4:F$4000,6,0) -> UPC II
A6: RC-61-202608027 | B6: True Shop Central Rama 2 | C6: POS | D6: 17/8/2026 | E6: 0.0 | F6: 0 | G6: 831.78 | H6: 58.22 | I6: 890 | J6: 12809394 | K6: สำเร็จ | L6: True Shop Central Rama 2 | M6: ชำระครบ | O6: BBL | P6: 890 | Q6: 17/8/2026 20:21 | R6: 4IPH170IMM522 | S6: Sheep Canvas 17 - Little Twin Stars | T6: 1 | U6: 990 | V6: 100.0 | W6: 890 | Y6: Sanrio x Sheep | Z6: =VLOOKUP(B6,Sheet1!A$4:F$4000,2,0) -> 80100565 | AA6: =VLOOKUP(B6,Sheet1!A$4:F$4000,3,0) -> True Shop Central Rama 2 | AB6: =VLOOKUP(B6,Sheet1!A$4:F$4000,4,0) -> BMA II - South West | AC6: =VLOOKUP(B6,Sheet1!A$4:F$4000,6,0) -> BMA
A7: RC-141-202608029 | B7: True Shop The mall Bangkapi | C7: POS | D7: 17/8/2026 | E7: 0.0 | F7: 0 | G7: 551.4 | H7: 38.6 | I7: 590 | J7: 010L6088 | K7: สำเร็จ | L7: True Shop The Mall Bangkapi | M7: ชำระครบ | O7: KBANK | P7: 590 | Q7: 17/8/2026 20:16 | R7: 2IPH173SCM003 | S7: Sheep Canvas Clear Pink - iPhone 17 Pro Max | T7: 1 | U7: 690 | V7: 100.0 | W7: 590 | Y7: Sheep Clear | Z7: =VLOOKUP(B7,Sheet1!A$4:F$4000,2,0) -> 80100481 | AA7: =VLOOKUP(B7,Sheet1!A$4:F$4000,3,0) -> True Shop The Mall Bangkapi | AB7: =VLOOKUP(B7,Sheet1!A$4:F$4000,4,0) -> BMA IV - South East | AC7: =VLOOKUP(B7,Sheet1!A$4:F$4000,6,0) -> BMA
A8: RC-151-202608015 | B8: True Shop Central Plaza Suratthani | C8: POS | D8: 17/8/2026 | E8: 0.0 | F8: 0 | G8: 831.78 | H8: 58.22 | I8: 890 | J8: 12809839 | K8: สำเร็จ | L8: True Shop Central Plaza Suratthani | M8: ชำระครบ | O8: BBL | P8: 890 | Q8: 17/8/2026 20:18 | R8: 5IPH170IMM526 | S8: iPhone 17 Magsafe - Mickey Mouse | T8: 1 | U8: 990 | V8: 100.0 | W8: 890 | Y8: Disney x Sheep | Z8: =VLOOKUP(B8,Sheet1!A$4:F$4000,2,0) -> 80101115 | AA8: =VLOOKUP(B8,Sheet1!A$4:F$4000,3,0) -> True Shop Central Plaza Suratthani | AB8: =VLOOKUP(B8,Sheet1!A$4:F$4000,4,0) -> UPC - Upper South | AC8: =VLOOKUP(B8,Sheet1!A$4:F$4000,6,0) -> UPC II
A9: RC-124-202608128 | B9: TRUE - Fashion Island | C9: POS | D9: 17/8/2026 | E9: 0.0 | F9: 0 | G9: 644.86 | H9: 45.14 | I9: 690 | J9: j | K9: สำเร็จ | L9: True Shop Fashion Island | M9: ชำระครบ | O9: KBANK | P9: 690 | Q9: 17/8/2026 19:58 | R9: 2SIP173SGP013 | S9: Sheep Screen Protector Privacy Glass - iPhone 17 Pro Max | T9: 1 | U9: 690 | V9: 0.0 | W9: 690 | Y9: Screen Protector | Z9: =VLOOKUP(B9,Sheet1!A$4:F$4000,2,0) -> 80100925 | AA9: =VLOOKUP(B9,Sheet1!A$4:F$4000,3,0) -> True Shop Fashion Island | AB9: =VLOOKUP(B9,Sheet1!A$4:F$4000,4,0) -> BMA III - North East | AC9: =VLOOKUP(B9,Sheet1!A$4:F$4000,6,0) -> BMA
A10: RC-42-202608022 | B10: True Shop Robinson Srisaman | C10: POS | D10: 17/8/2026 | E10: 0.0 | F10: 0 | G10: 1205.61 | H10: 84.39 | I10: 1290 | J10: 12808920 | K10: สำเร็จ | L10: True Shop Robinson Srisaman | M10: ชำระครบ | O10: KBANK | P10: 1290 | Q10: 17/8/2026 19:56 | R10: 5IPH173SOF529 | S10: Sheep Outfit 17 Pro Max - Mickey Steamboat | T10: 1 | U10: 1290 | V10: 0.0 | W10: 1290 | Y10: Disney x Sheep | Z10: =VLOOKUP(B10,Sheet1!A$4:F$4000,2,0) -> 80101305 | AA10: =VLOOKUP(B10,Sheet1!A$4:F$4000,3,0) -> True Shop Robinson Sri Saman | AB10: =VLOOKUP(B10,Sheet1!A$4:F$4000,4,0) -> BMA I - North West | AC10: =VLOOKUP(B10,Sheet1!A$4:F$4000,6,0) -> BMA
A11: RC-124-202608127 | B11: TRUE - Fashion Island | C11: POS | D11: 17/8/2026 | E11: 0.0 | F11: 0 | G11: 831.78 | H11: 58.22 | I11: 890 | J11: jp | K11: สำเร็จ | L11: True Shop Fashion Island | M11: ชำระครบ | O11: KBANK | P11: 890 | Q11: 17/8/2026 19:52 | R11: 9IPH170IMM434 | S11: iPhone 17 Magsafe - Esther Bunny | T11: 1 | U11: 990 | V11: 100.0 | W11: 890 | Y11: Esther Bunny x Sheep | Z11: =VLOOKUP(B11,Sheet1!A$4:F$4000,2,0) -> 80100925 | AA11: =VLOOKUP(B11,Sheet1!A$4:F$4000,3,0) -> True Shop Fashion Island | AB11: =VLOOKUP(B11,Sheet1!A$4:F$4000,4,0) -> BMA III - North East | AC11: =VLOOKUP(B11,Sheet1!A$4:F$4000,6,0) -> BMA
A12: RC-42-202608021 | B12: True Shop Robinson Srisaman | C12: POS | D12: 17/8/2026 | E12: 0.0 | F12: 0 | G12: 644.86 | H12: 45.14 | I12: 690 | J12: 12808920 | K12: สำเร็จ | L12: True Shop Robinson Srisaman | M12: ชำระครบ | O12: KBANK | P12: 690 | Q12: 17/8/2026 19:51 | R12: 2SIP173SGP013 | S12: Sheep Screen Protector Privacy Glass - iPhone 17 Pro Max | T12: 1 | U12: 690 | V12: 0.0 | W12: 690 | Y12: Screen Protector | Z12: =VLOOKUP(B12,Sheet1!A$4:F$4000,2,0) -> 80101305 | AA12: =VLOOKUP(B12,Sheet1!A$4:F$4000,3,0) -> True Shop Robinson Sri Saman | AB12: =VLOOKUP(B12,Sheet1!A$4:F$4000,4,0) -> BMA I - North West | AC12: =VLOOKUP(B12,Sheet1!A$4:F$4000,6,0) -> BMA
A13: RC-180-202608054 | B13: True Shop Future Park Rangsit Fl.2 | C13: POS | D13: 17/8/2026 | E13: 0.0 | F13: 0 | G13: 551.4 | H13: 38.6 | I13: 590 | J13: 01073421 | K13: สำเร็จ | L13: True Shop Future Park Rangsit Fl.2 | M13: ชำระครบ | O13: SCB | P13: 590 | Q13: 17/8/2026 19:42 | R13: 2IPH173SCM013 | S13: Sheep Clear Magsafe - iPhone 17 Pro Max | T13: 1 | U13: 690 | V13: 100.0 | W13: 590 | Y13: Sheep Clear | Z13: =VLOOKUP(B13,Sheet1!A$4:F$4000,2,0) -> 80101340 | AA13: =VLOOKUP(B13,Sheet1!A$4:F$4000,3,0) -> True Shop Future Park Rangsit Fl.2 | AB13: =VLOOKUP(B13,Sheet1!A$4:F$4000,4,0) -> BMA III - North East | AC13: =VLOOKUP(B13,Sheet1!A$4:F$4000,6,0) -> BMA
A14: RC-61-202608026 | B14: True Shop Central Rama 2 | C14: POS | D14: 17/8/2026 | E14: 0.0 | F14: 0 | G14: 831.78 | H14: 58.22 | I14: 890 | J14: 01046311 | K14: สำเร็จ | L14: True Shop Central Rama 2 | M14: ชำระครบ | O14: BBL | P14: 890 | Q14: 17/8/2026 19:31 | R14: 5IPH172IMM504 | S14: iPhone 17 Pro Magsafe - Stitch Aloha | T14: 1 | U14: 990 | V14: 100.0 | W14: 890 | Y14: Disney x Sheep | Z14: =VLOOKUP(B14,Sheet1!A$4:F$4000,2,0) -> 80100565 | AA14: =VLOOKUP(B14,Sheet1!A$4:F$4000,3,0) -> True Shop Central Rama 2 | AB14: =VLOOKUP(B14,Sheet1!A$4:F$4000,4,0) -> BMA II - South West | AC14: =VLOOKUP(B14,Sheet1!A$4:F$4000,6,0) -> BMA
A15: RC-143-202608023 | B15: True Shop Central Krabi | C15: POS | D15: 17/8/2026 | E15: 0.0 | F15: 0 | G15: 644.86 | H15: 45.14 | I15: 690 | J15: 12809505 | K15: สำเร็จ | L15: True Shop Central Krabi | M15: ชำระครบ | O15: SCB | P15: 690 | Q15: 17/8/2026 19:25 | R15: 2IPH170SCM558 | S15: Sheep Canvas Clear Matte Blue - iPhone 17 | T15: 1 | U15: 690 | V15: 0.0 | W15: 690 | Y15: Sheep Clear | Z15: =VLOOKUP(B15,Sheet1!A$4:F$4000,2,0) -> 80101647 | AA15: =VLOOKUP(B15,Sheet1!A$4:F$4000,3,0) -> True Shop Central Krabi | AB15: =VLOOKUP(B15,Sheet1!A$4:F$4000,4,0) -> UPC - Upper South | AC15: =VLOOKUP(B15,Sheet1!A$4:F$4000,6,0) -> UPC II
A16: RC-203-202608022 | B16: True Shop Central Chiangrai | C16: POS | D16: 17/8/2026 | E16: 0.0 | F16: 0 | G16: 635.51 | H16: 44.49 | I16: 680 | K16: สำเร็จ | L16: True Shop Central Chiangrai | M16: ชำระครบ | O16: KBANK | P16: 680 | Q16: 17/8/2026 19:00 | R16: 2SIP171SPC013 | S16: Sheep Screen Protector Clear - iPhone Air | T16: 1 | U16: 490 | V16: 0.0 | W16: 490 | Y16: Screen Protector | Z16: =VLOOKUP(B16,Sheet1!A$4:F$4000,2,0) -> 80100621 | AA16: =VLOOKUP(B16,Sheet1!A$4:F$4000,3,0) -> True Shop Central Chiangrai | AB16: =VLOOKUP(B16,Sheet1!A$4:F$4000,4,0) -> UPC - Upper North | AC16: =VLOOKUP(B16,Sheet1!A$4:F$4000,6,0) -> UPC I
A17: RC-203-202608022 | B17: True Shop Central Chiangrai | C17: POS | D17: 17/8/2026 | K17: สำเร็จ | L17: True Shop Central Chiangrai | M17: ชำระครบ | R17: 2SCP171BCG013 | S17: Sheep Bullet Camera Glass Clear iPhone Air | T17: 1 | U17: 190 | V17: 0.0 | W17: 190 | Y17: Screen Protector | Z17: =VLOOKUP(B17,Sheet1!A$4:F$4000,2,0) -> 80100621 | AA17: =VLOOKUP(B17,Sheet1!A$4:F$4000,3,0) -> True Shop Central Chiangrai | AB17: =VLOOKUP(B17,Sheet1!A$4:F$4000,4,0) -> UPC - Upper North | AC17: =VLOOKUP(B17,Sheet1!A$4:F$4000,6,0) -> UPC I
A18: RC-179-202608053 | B18: True Shop Megabangna | C18: POS | D18: 17/8/2026 | E18: 0.0 | F18: 0 | G18: 551.4 | H18: 38.6 | I18: 590 | J18: 01056426 | K18: สำเร็จ | L18: True Shop Mega Bangna | M18: ชำระครบ | O18: KBANK | P18: 590 | Q18: 17/8/2026 18:57 | R18: 2IPH172SCM013 | S18: Sheep Clear Magsafe - iPhone 17 Pro | T18: 1 | U18: 690 | V18: 100.0 | W18: 590 | Y18: Sheep Clear | Z18: =VLOOKUP(B18,Sheet1!A$4:F$4000,2,0) -> 80101070 | AA18: =VLOOKUP(B18,Sheet1!A$4:F$4000,3,0) -> True Shop Mega Bangna | AB18: =VLOOKUP(B18,Sheet1!A$4:F$4000,4,0) -> BMA IV - South East | AC18: =VLOOKUP(B18,Sheet1!A$4:F$4000,6,0) -> BMA
A19: RC-141-202608028 | B19: True Shop The mall Bangkapi | C19: POS | D19: 17/8/2026 | E19: 0.0 | F19: 0 | G19: 915.89 | H19: 64.11 | I19: 980 | J19: 010L6088 | K19: สำเร็จ | L19: True Shop The Mall Bangkapi | M19: ชำระครบ | O19: KBANK | P19: 980 | Q19: 17/8/2026 18:56 | R19: 2IPH172SCM013 | S19: Sheep Clear Magsafe - iPhone 17 Pro | T19: 1 | U19: 690 | V19: 63.89 | W19: 626.11 | Y19: Sheep Clear | Z19: =VLOOKUP(B19,Sheet1!A$4:F$4000,2,0) -> 80100481 | AA19: =VLOOKUP(B19,Sheet1!A$4:F$4000,3,0) -> True Shop The Mall Bangkapi | AB19: =VLOOKUP(B19,Sheet1!A$4:F$4000,4,0) -> BMA IV - South East | AC19: =VLOOKUP(B19,Sheet1!A$4:F$4000,6,0) -> BMA
A20: RC-141-202608028 | B20: True Shop The mall Bangkapi | C20: POS | D20: 17/8/2026 | J20: 010L6088 | K20: สำเร็จ | L20: True Shop The Mall Bangkapi | M20: ชำระครบ | R20: 2SCP172BCG004 | S20: Sheep Bullet Camera Glass iPhone 17 Pro /17 Pro Max - Blue | T20: 1 | U20: 390 | V20: 36.11 | W20: 353.89 | Y20: Screen Protector | Z20: =VLOOKUP(B20,Sheet1!A$4:F$4000,2,0) -> 80100481 | AA20: =VLOOKUP(B20,Sheet1!A$4:F$4000,3,0) -> True Shop The Mall Bangkapi | AB20: =VLOOKUP(B20,Sheet1!A$4:F$4000,4,0) -> BMA IV - South East | AC20: =VLOOKUP(B20,Sheet1!A$4:F$4000,6,0) -> BMA
A21: RC-85-202608009 | B21: True Shop Robinson Ratchapruek | C21: POS | D21: 17/8/2026 | E21: 0.0 | F21: 0 | G21: 831.78 | H21: 58.22 | I21: 890 | J21: 010H9703 | K21: สำเร็จ | L21: True Shop Robinson Ratchapruek | M21: ชำระครบ | O21: KBANK | P21: 890 | Q21: 17/8/2026 18:47 | R21: 4IPH173IMM516 | S21: Sheep Canvas 17 Pro Max - Cinnamoroll | T21: 1 | U21: 990 | V21: 100.0 | W21: 890 | Y21: Sanrio x Sheep | Z21: =VLOOKUP(B21,Sheet1!A$4:F$4000,2,0) -> 80101584 | AA21: =VLOOKUP(B21,Sheet1!A$4:F$4000,3,0) -> True Shop Robinson Ratchapruek | AB21: =VLOOKUP(B21,Sheet1!A$4:F$4000,4,0) -> BMA I - North West | AC21: =VLOOKUP(B21,Sheet1!A$4:F$4000,6,0) -> BMA
A22: RC-203-202608021 | B22: True Shop Central Chiangrai | C22: POS | D22: 17/8/2026 | E22: 0.0 | F22: 0 | G22: 644.86 | H22: 45.14 | I22: 690 | K22: สำเร็จ | L22: True Shop Central Chiangrai | M22: ชำระครบ | O22: KBANK | P22: 690 | Q22: 17/8/2026 18:46 | R22: 2IPH170SCM555 | S22: Sheep Canvas Clear Matte Black - iPhone 17 | T22: 1 | U22: 690 | V22: 0.0 | W22: 690 | Y22: Sheep Clear | Z22: =VLOOKUP(B22,Sheet1!A$4:F$4000,2,0) -> 80100621 | AA22: =VLOOKUP(B22,Sheet1!A$4:F$4000,3,0) -> True Shop Central Chiangrai | AB22: =VLOOKUP(B22,Sheet1!A$4:F$4000,4,0) -> UPC - Upper North | AC22: =VLOOKUP(B22,Sheet1!A$4:F$4000,6,0) -> UPC I
A23: RC-208-202608040 | B23: True Shop Central Khonkaen | C23: POS | D23: 17/8/2026 | E23: 0.0 | F23: 0 | G23: 551.4 | H23: 38.6 | I23: 590 | J23: 12808459 | K23: สำเร็จ | L23: True Shop Central Khonkaen | M23: ชำระครบ | O23: KBANK | P23: 590 | Q23: 17/8/2026 18:43 | R23: 2IPH173SCM013 | S23: Sheep Clear Magsafe - iPhone 17 Pro Max | T23: 1 | U23: 690 | V23: 100.0 | W23: 590 | Y23: Sheep Clear | Z23: =VLOOKUP(B23,Sheet1!A$4:F$4000,2,0) -> 80101183 | AA23: =VLOOKUP(B23,Sheet1!A$4:F$4000,3,0) -> True Shop Central Khonkaen | AB23: =VLOOKUP(B23,Sheet1!A$4:F$4000,4,0) -> UPC - Upper Northeast | AC23: =VLOOKUP(B23,Sheet1!A$4:F$4000,6,0) -> UPC I
A24: RC-93-202608010 | B24: True Shop Robinson Mae Sot | C24: POS | D24: 17/8/2026 | E24: 0.0 | F24: 0 | G24: 644.86 | H24: 45.14 | I24: 690 | K24: สำเร็จ | L24: True Shop Robinson Mae Sot | M24: ชำระครบ | O24: KBANK | P24: 690 | Q24: 17/8/2026 18:37 | R24: 2IPH170SCM013 | S24: Sheep Clear Magsafe - iPhone 17 | T24: 1 | U24: 690 | V24: 0.0 | W24: 690 | Y24: Sheep Clear | Z24: =VLOOKUP(B24,Sheet1!A$4:F$4000,2,0) -> 80101306 | AA24: =VLOOKUP(B24,Sheet1!A$4:F$4000,3,0) -> True Shop Robinson Mae Sot | AB24: =VLOOKUP(B24,Sheet1!A$4:F$4000,4,0) -> UPC - Lower North | AC24: =VLOOKUP(B24,Sheet1!A$4:F$4000,6,0) -> UPC I
A25: RC-105-202608033 | B25: True Shop Lotus's Ranong | C25: POS | D25: 17/8/2026 | E25: 0.0 | F25: 0 | G25: 692.52 | H25: 48.48 | I25: 741 | J25: 010J1044 | K25: สำเร็จ | L25: True Shop Lotus's Ranong | M25: ชำระครบ | O25: TTB | P25: 741 | Q25: 17/8/2026 18:25 | R25: 5ACC999MWL528 | S25: Magsafe Wallet - Mickey Iconic | T25: 2 | U25: 390 | V25: 19.5 | W25: 741 | Y25: Disney x Sheep | Z25: =VLOOKUP(B25,Sheet1!A$4:F$4000,2,0) -> 80100822 | AA25: =VLOOKUP(B25,Sheet1!A$4:F$4000,3,0) -> True Shop Lotus's Ranong | AB25: =VLOOKUP(B25,Sheet1!A$4:F$4000,4,0) -> UPC - Upper South | AC25: =VLOOKUP(B25,Sheet1!A$4:F$4000,6,0) -> UPC II
A26: RC-125-202608210 | B26: TRUE - Central Rama 9 | C26: POS | D26: 17/8/2026 | E26: 0.0 | F26: 0 | G26: 925.23 | H26: 64.77 | I26: 990 | J26: n | K26: สำเร็จ | L26: True Shop Central Rama 9 | M26: ชำระครบ | O26: KBANK | P26: 990 | Q26: 17/8/2026 18:24 | R26: 9IPH163IMM514 | S26: iPhone 16 Pro Max Magsafe - Monchhichi | T26: 1 | U26: 990 | V26: 0.0 | W26: 990 | Y26: Monchhichi TH | Z26: =VLOOKUP(B26,Sheet1!A$4:F$4000,2,0) -> 80100623 | AA26: =VLOOKUP(B26,Sheet1!A$4:F$4000,3,0) -> True Shop Central Rama 9 | AB26: =VLOOKUP(B26,Sheet1!A$4:F$4000,4,0) -> BMA V - Central | AC26: =VLOOKUP(B26,Sheet1!A$4:F$4000,6,0) -> BMA
A27: RC-125-202608209 | B27: TRUE - Central Rama 9 | C27: POS | D27: 17/8/2026 | E27: 0.00 | F27: 0 | G27: 364.49 | H27: 25.51 | I27: 390 | J27: b RC-125-202608209 TF-202608891 Wallet Lady ศุภะภัสสร เวศยาสิรินทร์ 97/59 ชั้น 8 อาคาร B อาคารชุดลุมพินีเพลส พระราม 9 ถ.พระราม 9 แขวงห้วยขวาง เขตห้วยขวาง กรุงเทพมหานคร 10310 โทร.0954387981 | K27: สำเร็จ | L27: True Shop Central Rama 9 | M27: ชำระครบ | O27: KBANK | P27: 390 | Q27: 17/8/2026 18:20 | R27: TRUE0390 | S27: Pre-Order TR - 390 | T27: 1 | U27: 0 | V27: 0.00 | W27: 0 | Y27: TRUE ONLY | Z27: =VLOOKUP(B27,Sheet1!A$4:F$4000,2,0) -> 80100623 | AA27: =VLOOKUP(B27,Sheet1!A$4:F$4000,3,0) -> True Shop Central Rama 9 | AB27: =VLOOKUP(B27,Sheet1!A$4:F$4000,4,0) -> BMA V - Central | AC27: =VLOOKUP(B27,Sheet1!A$4:F$4000,6,0) -> BMA
A28: RC-125-202608209 | B28: TRUE - Central Rama 9 | C28: POS | D28: 17/8/2026 | J28: b RC-125-202608209 TF-202608891 Wallet Lady ศุภะภัสสร เวศยาสิรินทร์ 97/59 ชั้น 8 อาคาร B อาคารชุดลุมพินีเพลส พระราม 9 ถ.พระราม 9 แขวงห้วยขวาง เขตห้วยขวาง กรุงเทพมหานคร 10310 โทร.0954387981 | K28: สำเร็จ | L28: True Shop Central Rama 9 | M28: ชำระครบ | R28: 5ACC999MWL420 | S28: Magsafe Wallet - Lady and the Tramp | T28: 1 | U28: 390 | W28: 390 | Y28: Disney x Sheep | Z28: =VLOOKUP(B28,Sheet1!A$4:F$4000,2,0) -> 80100623 | AA28: =VLOOKUP(B28,Sheet1!A$4:F$4000,3,0) -> True Shop Central Rama 9 | AB28: =VLOOKUP(B28,Sheet1!A$4:F$4000,4,0) -> BMA V - Central | AC28: =VLOOKUP(B28,Sheet1!A$4:F$4000,6,0) -> BMA
A29: RC-157-202608010 | B29: True Shop Central Airport Plaza Chiangmai | C29: POS | D29: 17/8/2026 | E29: 0.0 | F29: 0 | G29: 831.78 | H29: 58.22 | I29: 890 | K29: สำเร็จ | L29: True Shop Central Airport Plaza Chiangmai | M29: ชำระครบ | O29: KBANK | P29: 890 | Q29: 17/8/2026 18:20 | R29: 5SSC506IMM526 | S29: Sheep Canvas S26 Ultra - Mickey Mouse | T29: 1 | U29: 990 | V29: 100.0 | W29: 890 | Y29: Disney x Sheep | Z29: =VLOOKUP(B29,Sheet1!A$4:F$4000,2,0) -> 80101067 | AA29: =VLOOKUP(B29,Sheet1!A$4:F$4000,3,0) -> True Shop Central Airport Plaza Chiangmai | AB29: =VLOOKUP(B29,Sheet1!A$4:F$4000,4,0) -> UPC - Upper North | AC29: =VLOOKUP(B29,Sheet1!A$4:F$4000,6,0) -> UPC I
A30: RC-169-202608050 | B30: True Shop Central Westgate | C30: POS | D30: 17/8/2026 | E30: 0.0 | F30: 0 | G30: 831.78 | H30: 58.22 | I30: 890 | J30: 010F8555 | K30: สำเร็จ | L30: True Shop Central West Gate | M30: ชำระครบ | O30: KBANK | P30: 890 | Q30: 17/8/2026 18:15 | R30: 9SSC506IMM515 | S30: Sheep Canvas S26 Ultra - Kawaii Monchhichi | T30: 1 | U30: 990 | V30: 100.0 | W30: 890 | Y30: Monchhichi TH | Z30: =VLOOKUP(B30,Sheet1!A$4:F$4000,2,0) -> 80101185 | AA30: =VLOOKUP(B30,Sheet1!A$4:F$4000,3,0) -> True Shop Central West Gate | AB30: =VLOOKUP(B30,Sheet1!A$4:F$4000,4,0) -> BMA I - North West | AC30: =VLOOKUP(B30,Sheet1!A$4:F$4000,6,0) -> BMA
A31: RC-95-202608005 | B31: True Shop Lotus's Thaluang Phichit | C31: POS | D31: 17/8/2026 | E31: 0.0 | F31: 0 | G31: 457.94 | H31: 32.06 | I31: 490 | J31: 010J5766 | K31: สำเร็จ | L31: True Shop Lotus's Thaluang Phichit | M31: ชำระครบ | O31: KBANK | P31: 490 | Q31: 17/8/2026 18:07 | R31: 2SIP170SPC013 | S31: Sheep Screen Protector Clear - iPhone 17 / 16 Pro | T31: 1 | U31: 490 | V31: 0.0 | W31: 490 | Y31: Screen Protector | Z31: =VLOOKUP(B31,Sheet1!A$4:F$4000,2,0) -> 80100782 | AA31: =VLOOKUP(B31,Sheet1!A$4:F$4000,3,0) -> True Shop Lotus's Thaluang Phichit | AB31: =VLOOKUP(B31,Sheet1!A$4:F$4000,4,0) -> UPC - Lower North | AC31: =VLOOKUP(B31,Sheet1!A$4:F$4000,6,0) -> UPC I
A32: RC-145-202608023 | B32: True Shop Seacon Bangkae | C32: POS | D32: 17/8/2026 | E32: 0.0 | F32: 0 | G32: 831.78 | H32: 58.22 | I32: 890 | J32: 01056133 | K32: สำเร็จ | L32: True Shop Seacon Bangkae | M32: ชำระครบ | O32: KBANK | P32: 890 | Q32: 17/8/2026 18:00 | R32: 4IPH173IMM516 | S32: Sheep Canvas 17 Pro Max - Cinnamoroll | T32: 1 | U32: 990 | V32: 100.0 | W32: 890 | Y32: Sanrio x Sheep | Z32: =VLOOKUP(B32,Sheet1!A$4:F$4000,2,0) -> 80100928 | AA32: =VLOOKUP(B32,Sheet1!A$4:F$4000,3,0) -> True Shop Seacon Bangkae | AB32: =VLOOKUP(B32,Sheet1!A$4:F$4000,4,0) -> BMA II - South West | AC32: =VLOOKUP(B32,Sheet1!A$4:F$4000,6,0) -> BMA
A33: RC-143-202608022 | B33: True Shop Central Krabi | C33: POS | D33: 17/8/2026 | E33: 0.0 | F33: 0 | G33: 364.49 | H33: 25.51 | I33: 390 | J33: 01081894 | K33: สำเร็จ | L33: True Shop Central Krabi | M33: ชำระครบ | O33: TTB | P33: 390 | Q33: 17/8/2026 17:58 | R33: 2SCP172BCG090 | S33: Sheep Bullet Camera Glass iPhone 17 Pro /17 Pro Max - Silver | T33: 1 | U33: 390 | V33: 0.0 | W33: 390 | Y33: Screen Protector | Z33: =VLOOKUP(B33,Sheet1!A$4:F$4000,2,0) -> 80101647 | AA33: =VLOOKUP(B33,Sheet1!A$4:F$4000,3,0) -> True Shop Central Krabi | AB33: =VLOOKUP(B33,Sheet1!A$4:F$4000,4,0) -> UPC - Upper South | AC33: =VLOOKUP(B33,Sheet1!A$4:F$4000,6,0) -> UPC II
A34: RC-25-202608030 | B34: True Shop Central Plaza Rayong | C34: POS | D34: 17/8/2026 | E34: 0.0 | F34: 0 | G34: 831.78 | H34: 58.22 | I34: 890 | J34: 01052664 | K34: สำเร็จ | L34: True Shop Central Plaza Rayong | M34: ชำระครบ | O34: KBANK | P34: 890 | Q34: 17/8/2026 17:50 | R34: 9SSC506IMM507 | S34: Sheep Canvas S26 Ultra - Momorei Rico | T34: 1 | U34: 990 | V34: 100.0 | W34: 890 | Y34: Momorei | Z34: =VLOOKUP(B34,Sheet1!A$4:F$4000,2,0) -> 80100625 | AA34: =VLOOKUP(B34,Sheet1!A$4:F$4000,3,0) -> True Shop Central Plaza Rayong | AB34: =VLOOKUP(B34,Sheet1!A$4:F$4000,4,0) -> UPC - East | AC34: =VLOOKUP(B34,Sheet1!A$4:F$4000,6,0) -> UPC II
A35: RC-136-202608038 | B35: True Shop Seacon Square 2 | C35: POS | D35: 17/8/2026 | E35: 0.0 | F35: 0 | G35: 925.23 | H35: 64.77 | I35: 990 | J35: 01075608 | K35: สำเร็จ | L35: True Shop Seacon Square 2 | M35: ชำระครบ | O35: TTB | P35: 990 | Q35: 17/8/2026 18:14 | R35: 9IPH173IMM507 | S35: iPhone 17 Pro Max Magsafe - Momorei Rico | T35: 1 | U35: 990 | V35: 0.0 | W35: 990 | Y35: Momorei | Z35: =VLOOKUP(B35,Sheet1!A$4:F$4000,2,0) -> 80101071 | AA35: =VLOOKUP(B35,Sheet1!A$4:F$4000,3,0) -> True Shop Seacon Square 2 | AB35: =VLOOKUP(B35,Sheet1!A$4:F$4000,4,0) -> BMA IV - South East | AC35: =VLOOKUP(B35,Sheet1!A$4:F$4000,6,0) -> BMA
A36: RC-156-202608034 | B36: True Shop The mall Bangkae | C36: POS | D36: 17/8/2026 | E36: 0.0 | F36: 0 | G36: 326.17 | H36: 22.83 | I36: 349 | J36: 01040851 | K36: สำเร็จ | L36: True Shop The Mall Bangkae 2Fl. | M36: ชำระครบ | O36: KBANK | P36: 349 | Q36: 17/8/2026 17:50 | R36: 4PHC999CHR516 | S36: Sheep Phone Charm - Cinnamoroll | T36: 1 | U36: 349 | V36: 0.0 | W36: 349 | Y36: Sanrio x Sheep | Z36: =VLOOKUP(B36,Sheet1!A$4:F$4000,2,0) -> 80100484 | AA36: =VLOOKUP(B36,Sheet1!A$4:F$4000,3,0) -> True Shop The Mall Bangkae 2Fl. | AB36: =VLOOKUP(B36,Sheet1!A$4:F$4000,4,0) -> BMA II - South West | AC36: =VLOOKUP(B36,Sheet1!A$4:F$4000,6,0) -> BMA
A37: RC-141-202608027 | B37: True Shop The mall Bangkapi | C37: POS | D37: 17/8/2026 | E37: 0.0 | F37: 0 | G37: 644.86 | H37: 45.14 | I37: 690 | J37: 01032997 | K37: สำเร็จ | L37: True Shop The Mall Bangkapi | M37: ชำระครบ | O37: KBANK | P37: 690 | Q37: 17/8/2026 17:47 | R37: 2IPH173SCM004 | S37: Sheep Canvas Clear Blue - iPhone 17 Pro Max | T37: 1 | U37: 690 | V37: 0.0 | W37: 690 | Y37: Sheep Clear | Z37: =VLOOKUP(B37,Sheet1!A$4:F$4000,2,0) -> 80100481 | AA37: =VLOOKUP(B37,Sheet1!A$4:F$4000,3,0) -> True Shop The Mall Bangkapi | AB37: =VLOOKUP(B37,Sheet1!A$4:F$4000,4,0) -> BMA IV - South East | AC37: =VLOOKUP(B37,Sheet1!A$4:F$4000,6,0) -> BMA
A38: RC-143-202608021 | B38: True Shop Central Krabi | C38: POS | D38: 17/8/2026 | E38: 0.0 | F38: 0 | G38: 644.86 | H38: 45.14 | I38: 690 | K38: สำเร็จ | L38: True Shop Central Krabi | M38: ชำระครบ | O38: TTB | P38: 690 | Q38: 17/8/2026 17:38 | R38: 2IPH172SCM013 | S38: Sheep Clear Magsafe - iPhone 17 Pro | T38: 1 | U38: 690 | V38: 0.0 | W38: 690 | Y38: Sheep Clear | Z38: =VLOOKUP(B38,Sheet1!A$4:F$4000,2,0) -> 80101647 | AA38: =VLOOKUP(B38,Sheet1!A$4:F$4000,3,0) -> True Shop Central Krabi | AB38: =VLOOKUP(B38,Sheet1!A$4:F$4000,4,0) -> UPC - Upper South | AC38: =VLOOKUP(B38,Sheet1!A$4:F$4000,6,0) -> UPC II
A39: RC-143-202608020 | B39: True Shop Central Krabi | C39: POS | D39: 17/8/2026 | E39: 0.0 | F39: 0 | G39: 551.4 | H39: 38.6 | I39: 590 | J39: 12809505 | K39: สำเร็จ | L39: True Shop Central Krabi | M39: ชำระครบ | O39: TTB | P39: 590 | Q39: 17/8/2026 17:35 | R39: 2IPH173SCM013 | S39: Sheep Clear Magsafe - iPhone 17 Pro Max | T39: 1 | U39: 690 | V39: 100.0 | W39: 590 | Y39: Sheep Clear | Z39: =VLOOKUP(B39,Sheet1!A$4:F$4000,2,0) -> 80101647 | AA39: =VLOOKUP(B39,Sheet1!A$4:F$4000,3,0) -> True Shop Central Krabi | AB39: =VLOOKUP(B39,Sheet1!A$4:F$4000,4,0) -> UPC - Upper South | AC39: =VLOOKUP(B39,Sheet1!A$4:F$4000,6,0) -> UPC II
A40: RC-170-202608037 | B40: True Shop Central Plaza Nakhon Ratchasima | C40: POS | D40: 17/8/2026 | E40: 0.0 | F40: 0 | G40: 271.03 | H40: 18.97 | I40: 290 | J40: 010L6270 | K40: สำเร็จ | L40: True Shop Central Plaza Nakhon Ratchasima | M40: ชำระครบ | O40: KBANK | P40: 290 | Q40: 17/8/2026 17:22 | R40: 2SCP170BCG033 | S40: Sheep Bullet Camera Glass iPhone 17 - Light Blue | T40: 1 | U40: 290 | V40: 0.0 | W40: 290 | Y40: Screen Protector | Z40: =VLOOKUP(B40,Sheet1!A$4:F$4000,2,0) -> 80101119 | AA40: =VLOOKUP(B40,Sheet1!A$4:F$4000,3,0) -> True Shop Central Plaza Nakhon Ratchasima | AB40: =VLOOKUP(B40,Sheet1!A$4:F$4000,4,0) -> UPC - Lower Northeast | AC40: =VLOOKUP(B40,Sheet1!A$4:F$4000,6,0) -> UPC I
A41: RC-124-202608126 | B41: TRUE - Fashion Island | C41: POS | D41: 17/8/2026 | E41: 0.0 | F41: 0 | G41: 831.78 | H41: 58.22 | I41: 890 | J41: 010L6083 | K41: สำเร็จ | L41: True Shop Fashion Island | M41: ชำระครบ | O41: KBANK | P41: 890 | Q41: 17/8/2026 17:16 | R41: 0CLO000BAG016 | S41: Cloth Bag - ถุงผ้าส้ม (1:50) | T41: 1 | U41: 0 | V41: 0.0 | W41: 0 | Y41: In-house assets | Z41: =VLOOKUP(B41,Sheet1!A$4:F$4000,2,0) -> 80100925 | AA41: =VLOOKUP(B41,Sheet1!A$4:F$4000,3,0) -> True Shop Fashion Island | AB41: =VLOOKUP(B41,Sheet1!A$4:F$4000,4,0) -> BMA III - North East | AC41: =VLOOKUP(B41,Sheet1!A$4:F$4000,6,0) -> BMA
A42: RC-124-202608126 | B42: TRUE - Fashion Island | C42: POS | D42: 17/8/2026 | J42: 010L6083 | K42: สำเร็จ | L42: True Shop Fashion Island | M42: ชำระครบ | R42: 4IPH173IMM520 | S42: Sheep Canvas 17 Pro Max - Hello Kitty | T42: 1 | U42: 990 | V42: 100.0 | W42: 890 | Y42: Sanrio x Sheep | Z42: =VLOOKUP(B42,Sheet1!A$4:F$4000,2,0) -> 80100925 | AA42: =VLOOKUP(B42,Sheet1!A$4:F$4000,3,0) -> True Shop Fashion Island | AB42: =VLOOKUP(B42,Sheet1!A$4:F$4000,4,0) -> BMA III - North East | AC42: =VLOOKUP(B42,Sheet1!A$4:F$4000,6,0) -> BMA
A43: RC-161-202608021 | B43: True Shop Central Plaza Salaya | C43: POS | D43: 17/8/2026 | E43: 0.0 | F43: 0 | G43: 644.86 | H43: 45.14 | I43: 690 | J43: 010O1412 | K43: สำเร็จ | L43: True Shop Central Plaza Salaya | M43: ชำระครบ | O43: KBANK | P43: 690 | Q43: 17/8/2026 17:11 | R43: 2IPH170SCM013 | S43: Sheep Clear Magsafe - iPhone 17 | T43: 1 | U43: 690 | V43: 0.0 | W43: 690 | Y43: Sheep Clear | Z43: =VLOOKUP(B43,Sheet1!A$4:F$4000,2,0) -> 80101214 | AA43: =VLOOKUP(B43,Sheet1!A$4:F$4000,3,0) -> True Shop Central Plaza Salaya | AB43: =VLOOKUP(B43,Sheet1!A$4:F$4000,4,0) -> UPC - West | AC43: =VLOOKUP(B43,Sheet1!A$4:F$4000,6,0) -> UPC II
A44: RC-181-202608028 | B44: True Shop Central Northville | C44: POS | D44: 17/8/2026 | E44: 0.0 | F44: 0 | G44: 831.78 | H44: 58.22 | I44: 890 | J44: 12809585 | K44: สำเร็จ | L44: True Shop Central Northville | M44: ชำระครบ | O44: KBANK | P44: 890 | Q44: 17/8/2026 16:58 | R44: 9IPH172IMM514 | S44: iPhone 17 Pro Magsafe - Monchhichi | T44: 1 | U44: 990 | V44: 100.0 | W44: 890 | Y44: Monchhichi TH | Z44: =VLOOKUP(B44,Sheet1!A$4:F$4000,2,0) -> 80101713 | AA44: =VLOOKUP(B44,Sheet1!A$4:F$4000,3,0) -> True Shop Central Northville | AB44: =VLOOKUP(B44,Sheet1!A$4:F$4000,4,0) -> BMA I - North West | AC44: =VLOOKUP(B44,Sheet1!A$4:F$4000,6,0) -> BMA
A45: RC-147-202608036 | B45: True Shop Terminal 21 Pattaya | C45: POS | D45: 17/8/2026 | E45: 0.0 | F45: 0 | G45: 925.23 | H45: 64.77 | I45: 990 | J45: 01094688 | K45: สำเร็จ | L45: True Shop Terminal 21 Pattaya | M45: ชำระครบ | O45: KBANK | P45: 990 | Q45: 17/8/2026 16:56 | R45: 9IPH173IMM506 | S45: iPhone 17 Pro Max Magsafe - Momorei Girls Flower | T45: 1 | U45: 990 | V45: 0.0 | W45: 990 | Y45: Momorei | Z45: =VLOOKUP(B45,Sheet1!A$4:F$4000,2,0) -> 80100479 | AA45: =VLOOKUP(B45,Sheet1!A$4:F$4000,3,0) -> True Shop Terminal 21 Pattaya | AB45: =VLOOKUP(B45,Sheet1!A$4:F$4000,4,0) -> UPC - East | AC45: =VLOOKUP(B45,Sheet1!A$4:F$4000,6,0) -> UPC II
A46: RC-194-202608007 | B46: True Shop Central Plaza Khon Kaen (D) | C46: POS | D46: 17/8/2026 | E46: 0.0 | F46: 0 | G46: 551.4 | H46: 38.6 | I46: 590 | J46: 12810302 | K46: สำเร็จ | L46: True Shop Central Plaza Khon Kaen (D) | M46: ชำระครบ | O46: KBANK | P46: 590 | Q46: 17/8/2026 16:38 | R46: 2IPH173SCM004 | S46: Sheep Canvas Clear Blue - iPhone 17 Pro Max | T46: 1 | U46: 690 | V46: 100.0 | W46: 590 | Y46: Sheep Clear | Z46: =VLOOKUP(B46,Sheet1!A$4:F$4000,2,0) -> 80101703 | AA46: =VLOOKUP(B46,Sheet1!A$4:F$4000,3,0) -> True Shop Central Plaza Khon Kaen (D) | AB46: =VLOOKUP(B46,Sheet1!A$4:F$4000,4,0) -> UPC - Upper Northeast | AC46: =VLOOKUP(B46,Sheet1!A$4:F$4000,6,0) -> UPC I
A47: RC-125-202608208 | B47: TRUE - Central Rama 9 | C47: POS | D47: 17/8/2026 | E47: 0.0 | F47: 0 | G47: 1757.94 | H47: 123.06 | I47: 1881 | J47: n | K47: สำเร็จ | L47: True Shop Central Rama 9 | M47: ชำระครบ | O47: KBANK | P47: 1881 | Q47: 17/8/2026 16:33 | R47: 5IPH163IMM503 | S47: iPhone 16 Pro Max Magsafe - Stitch Travel | T47: 1 | U47: 990 | V47: 49.5 | W47: 940.5 | Y47: Disney x Sheep | Z47: =VLOOKUP(B47,Sheet1!A$4:F$4000,2,0) -> 80100623 | AA47: =VLOOKUP(B47,Sheet1!A$4:F$4000,3,0) -> True Shop Central Rama 9 | AB47: =VLOOKUP(B47,Sheet1!A$4:F$4000,4,0) -> BMA V - Central | AC47: =VLOOKUP(B47,Sheet1!A$4:F$4000,6,0) -> BMA
A48: RC-125-202608208 | B48: TRUE - Central Rama 9 | C48: POS | D48: 17/8/2026 | J48: n | K48: สำเร็จ | L48: True Shop Central Rama 9 | M48: ชำระครบ | R48: 5IPH172IMM502 | S48: iPhone 17 Pro Magsafe - Stitch Beach | T48: 1 | U48: 990 | V48: 49.5 | W48: 940.5 | Y48: Disney x Sheep | Z48: =VLOOKUP(B48,Sheet1!A$4:F$4000,2,0) -> 80100623 | AA48: =VLOOKUP(B48,Sheet1!A$4:F$4000,3,0) -> True Shop Central Rama 9 | AB48: =VLOOKUP(B48,Sheet1!A$4:F$4000,4,0) -> BMA V - Central | AC48: =VLOOKUP(B48,Sheet1!A$4:F$4000,6,0) -> BMA
A49: RC-125-202608208 | B49: TRUE - Central Rama 9 | C49: POS | D49: 17/8/2026 | J49: n | K49: สำเร็จ | L49: True Shop Central Rama 9 | M49: ชำระครบ | R49: 0CLO000BAG016 | S49: Cloth Bag - ถุงผ้าส้ม (1:50) | T49: 1 | U49: 0 | V49: 0.0 | W49: 0 | Y49: In-house assets | Z49: =VLOOKUP(B49,Sheet1!A$4:F$4000,2,0) -> 80100623 | AA49: =VLOOKUP(B49,Sheet1!A$4:F$4000,3,0) -> True Shop Central Rama 9 | AB49: =VLOOKUP(B49,Sheet1!A$4:F$4000,4,0) -> BMA V - Central | AC49: =VLOOKUP(B49,Sheet1!A$4:F$4000,6,0) -> BMA
A50: RC-135-202608024 | B50: True Shop Central Phitsanulok | C50: POS | D50: 17/8/2026 | E50: 0.0 | F50: 0 | G50: 831.78 | H50: 58.22 | I50: 890 | J50: 12807868 | K50: สำเร็จ | L50: True Shop Central Phitsanulok | M50: ชำระครบ | O50: KBANK | P50: 890 | Q50: 17/8/2026 16:20 | R50: 5IPH170IMM532 | S50: iPhone 17 Magsafe - Zootopia | T50: 1 | U50: 990 | V50: 100.0 | W50: 890 | Y50: Disney x Sheep | Z50: =VLOOKUP(B50,Sheet1!A$4:F$4000,2,0) -> 80101198 | AA50: =VLOOKUP(B50,Sheet1!A$4:F$4000,3,0) -> True Shop Central Phitsanulok | AB50: =VLOOKUP(B50,Sheet1!A$4:F$4000,4,0) -> UPC - Lower North | AC50: =VLOOKUP(B50,Sheet1!A$4:F$4000,6,0) -> UPC I
A51: RC-210-202608007 | B51: True Shop Central Rama9 4Fl. | C51: POS | D51: 17/8/2026 | E51: 0.0 | F51: 0 | G51: 271.03 | H51: 18.97 | I51: 290 | J51: 01081353 | K51: สำเร็จ | L51: True Shop Central Rama 9 4Fl. | M51: ชำระครบ | O51: TTB | P51: 290 | Q51: 17/8/2026 12:42 | R51: 2SCP172BCG013 | S51: Sheep Bullet Camera Glass Clear iPhone 17 Pro /17 Pro Max | T51: 1 | U51: 290 | V51: 0.0 | W51: 290 | Y51: Screen Protector | Z51: =VLOOKUP(B51,Sheet1!A$4:F$4000,2,0) -> 80100622 | AA51: =VLOOKUP(B51,Sheet1!A$4:F$4000,3,0) -> True Shop Central Rama 9 4Fl. | AB51: =VLOOKUP(B51,Sheet1!A$4:F$4000,4,0) -> BMA V - Central | AC51: =VLOOKUP(B51,Sheet1!A$4:F$4000,6,0) -> BMA
A52: RC-210-202608006 | B52: True Shop Central Rama9 4Fl. | C52: POS | D52: 17/8/2026 | E52: 0.0 | F52: 0 | G52: 831.78 | H52: 58.22 | I52: 890 | J52: 01081353 | K52: สำเร็จ | L52: True Shop Central Rama 9 4Fl. | M52: ชำระครบ | O52: TTB | P52: 890 | Q52: 17/8/2026 12:41 | R52: 4SSC506IMM516 | S52: Sheep Canvas S26 Ultra - Cinnamoroll | T52: 1 | U52: 990 | V52: 100.0 | W52: 890 | Y52: Sanrio x Sheep | Z52: =VLOOKUP(B52,Sheet1!A$4:F$4000,2,0) -> 80100622 | AA52: =VLOOKUP(B52,Sheet1!A$4:F$4000,3,0) -> True Shop Central Rama 9 4Fl. | AB52: =VLOOKUP(B52,Sheet1!A$4:F$4000,4,0) -> BMA V - Central | AC52: =VLOOKUP(B52,Sheet1!A$4:F$4000,6,0) -> BMA
A53: RC-210-202608005 | B53: True Shop Central Rama9 4Fl. | C53: POS | D53: 17/8/2026 | E53: 0.0 | F53: 0 | G53: 831.78 | H53: 58.22 | I53: 890 | J53: 01081353 | K53: สำเร็จ | L53: True Shop Central Rama 9 4Fl. | M53: ชำระครบ | O53: TTB | P53: 890 | Q53: 17/8/2026 12:40 | R53: 9IPH172IMM515 | S53: iPhone 17 Pro Magsafe - Kawaii Monchhichi | T53: 1 | U53: 990 | V53: 100.0 | W53: 890 | Y53: Monchhichi TH | Z53: =VLOOKUP(B53,Sheet1!A$4:F$4000,2,0) -> 80100622 | AA53: =VLOOKUP(B53,Sheet1!A$4:F$4000,3,0) -> True Shop Central Rama 9 4Fl. | AB53: =VLOOKUP(B53,Sheet1!A$4:F$4000,4,0) -> BMA V - Central | AC53: =VLOOKUP(B53,Sheet1!A$4:F$4000,6,0) -> BMA
A54: RC-210-202608004 | B54: True Shop Central Rama9 4Fl. | C54: POS | D54: 17/8/2026 | E54: 0.0 | F54: 0 | G54: 831.78 | H54: 58.22 | I54: 890 | J54: 01062623 | K54: สำเร็จ | L54: True Shop Central Rama 9 4Fl. | M54: ชำระครบ | O54: TTB | P54: 890 | Q54: 17/8/2026 12:38 | R54: 4IPH170IMM520 | S54: Sheep Canvas 17 - Hello Kitty | T54: 1 | U54: 990 | V54: 100.0 | W54: 890 | Y54: Sanrio x Sheep | Z54: =VLOOKUP(B54,Sheet1!A$4:F$4000,2,0) -> 80100622 | AA54: =VLOOKUP(B54,Sheet1!A$4:F$4000,3,0) -> True Shop Central Rama 9 4Fl. | AB54: =VLOOKUP(B54,Sheet1!A$4:F$4000,4,0) -> BMA V - Central | AC54: =VLOOKUP(B54,Sheet1!A$4:F$4000,6,0) -> BMA
A55: RC-210-202608003 | B55: True Shop Central Rama9 4Fl. | C55: POS | D55: 17/8/2026 | E55: 0.0 | F55: 0 | G55: 271.03 | H55: 18.97 | I55: 290 | J55: 01085282 | K55: สำเร็จ | L55: True Shop Central Rama 9 4Fl. | M55: ชำระครบ | O55: TTB | P55: 290 | Q55: 17/8/2026 12:37 | R55: 2SCP172BCG013 | S55: Sheep Bullet Camera Glass Clear iPhone 17 Pro /17 Pro Max | T55: 1 | U55: 290 | V55: 0.0 | W55: 290 | Y55: Screen Protector | Z55: =VLOOKUP(B55,Sheet1!A$4:F$4000,2,0) -> 80100622 | AA55: =VLOOKUP(B55,Sheet1!A$4:F$4000,3,0) -> True Shop Central Rama 9 4Fl. | AB55: =VLOOKUP(B55,Sheet1!A$4:F$4000,4,0) -> BMA V - Central | AC55: =VLOOKUP(B55,Sheet1!A$4:F$4000,6,0) -> BMA
A56: RC-210-202608002 | B56: True Shop Central Rama9 4Fl. | C56: POS | D56: 17/8/2026 | E56: 0.0 | F56: 0 | G56: 831.78 | H56: 58.22 | I56: 890 | J56: 01085282 | K56: สำเร็จ | L56: True Shop Central Rama 9 4Fl. | M56: ชำระครบ | O56: TTB | P56: 890 | Q56: 17/8/2026 12:36 | R56: 9IPH173IMM514 | S56: iPhone 17 Pro Max Magsafe - Monchhichi | T56: 1 | U56: 990 | V56: 100.0 | W56: 890 | Y56: Monchhichi TH | Z56: =VLOOKUP(B56,Sheet1!A$4:F$4000,2,0) -> 80100622 | AA56: =VLOOKUP(B56,Sheet1!A$4:F$4000,3,0) -> True Shop Central Rama 9 4Fl. | AB56: =VLOOKUP(B56,Sheet1!A$4:F$4000,4,0) -> BMA V - Central | AC56: =VLOOKUP(B56,Sheet1!A$4:F$4000,6,0) -> BMA
A57: RC-143-202608019 | B57: True Shop Central Krabi | C57: POS | D57: 17/8/2026 | E57: 0.0 | F57: 0 | G57: 925.23 | H57: 64.77 | I57: 990 | J57: 01081894 | K57: สำเร็จ | L57: True Shop Central Krabi | M57: ชำระครบ | O57: TTB | P57: 990 | Q57: 17/8/2026 16:13 | R57: 9IPH173IMM515 | S57: iPhone 17 Pro Max Magsafe - Kawaii Monchhichi | T57: 1 | U57: 990 | V57: 0.0 | W57: 990 | Y57: Monchhichi TH | Z57: =VLOOKUP(B57,Sheet1!A$4:F$4000,2,0) -> 80101647 | AA57: =VLOOKUP(B57,Sheet1!A$4:F$4000,3,0) -> True Shop Central Krabi | AB57: =VLOOKUP(B57,Sheet1!A$4:F$4000,4,0) -> UPC - Upper South | AC57: =VLOOKUP(B57,Sheet1!A$4:F$4000,6,0) -> UPC II
A58: RC-181-202608027 | B58: True Shop Central Northville | C58: POS | D58: 17/8/2026 | E58: 0.0 | F58: 0 | G58: 2121.5 | H58: 148.5 | I58: 2270 | J58: 12810288 | K58: สำเร็จ | L58: True Shop Central Northville | M58: ชำระครบ | O58: KBANK | P58: 2270 | Q58: 17/8/2026 16:07 | R58: 2IPH171SCM013 | S58: Sheep Clear Magsafe - iPhone Air | T58: 1 | U58: 690 | V58: 29.11 | W58: 660.89 | Y58: Sheep Clear | Z58: =VLOOKUP(B58,Sheet1!A$4:F$4000,2,0) -> 80101713 | AA58: =VLOOKUP(B58,Sheet1!A$4:F$4000,3,0) -> True Shop Central Northville | AB58: =VLOOKUP(B58,Sheet1!A$4:F$4000,4,0) -> BMA I - North West | AC58: =VLOOKUP(B58,Sheet1!A$4:F$4000,6,0) -> BMA
A59: RC-181-202608027 | B59: True Shop Central Northville | C59: POS | D59: 17/8/2026 | J59: 12810288 | K59: สำเร็จ | L59: True Shop Central Northville | M59: ชำระครบ | R59: 9IPH171IMM515 | S59: iPhone Air Magsafe - Kawaii Monchhichi | T59: 1 | U59: 990 | V59: 41.77 | W59: 948.23 | Y59: Monchhichi TH | Z59: =VLOOKUP(B59,Sheet1!A$4:F$4000,2,0) -> 80101713 | AA59: =VLOOKUP(B59,Sheet1!A$4:F$4000,3,0) -> True Shop Central Northville | AB59: =VLOOKUP(B59,Sheet1!A$4:F$4000,4,0) -> BMA I - North West | AC59: =VLOOKUP(B59,Sheet1!A$4:F$4000,6,0) -> BMA
A60: RC-181-202608027 | B60: True Shop Central Northville | C60: POS | D60: 17/8/2026 | J60: 12810288 | K60: สำเร็จ | L60: True Shop Central Northville | M60: ชำระครบ | R60: 2SIP171SGP013 | S60: Sheep Screen Protector Privacy Glass - iPhone Air | T60: 1 | U60: 690 | V60: 29.12 | W60: 660.88 | Y60: Screen Protector | Z60: =VLOOKUP(B60,Sheet1!A$4:F$4000,2,0) -> 80101713 | AA60: =VLOOKUP(B60,Sheet1!A$4:F$4000,3,0) -> True Shop Central Northville | AB60: =VLOOKUP(B60,Sheet1!A$4:F$4000,4,0) -> BMA I - North West | AC60: =VLOOKUP(B60,Sheet1!A$4:F$4000,6,0) -> BMA
A61: RC-147-202608035 | B61: True Shop Terminal 21 Pattaya | C61: POS | D61: 17/8/2026 | E61: 0.0 | F61: 0 | G61: 925.23 | H61: 64.77 | I61: 990 | J61: 010G1707 | K61: สำเร็จ | L61: True Shop Terminal 21 Pattaya | M61: ชำระครบ | O61: KBANK | P61: 990 | Q61: 17/8/2026 16:05 | R61: 5IPH173IMM526 | S61: iPhone 17 Pro Max Magsafe - Mickey Mouse | T61: 1 | U61: 990 | V61: 0.0 | W61: 990 | Y61: Disney x Sheep | Z61: =VLOOKUP(B61,Sheet1!A$4:F$4000,2,0) -> 80100479 | AA61: =VLOOKUP(B61,Sheet1!A$4:F$4000,3,0) -> True Shop Terminal 21 Pattaya | AB61: =VLOOKUP(B61,Sheet1!A$4:F$4000,4,0) -> UPC - East | AC61: =VLOOKUP(B61,Sheet1!A$4:F$4000,6,0) -> UPC II
A62: RC-61-202608025 | B62: True Shop Central Rama 2 | C62: POS | D62: 17/8/2026 | E62: 0.0 | F62: 0 | G62: 831.78 | H62: 58.22 | I62: 890 | J62: 01046311 | K62: สำเร็จ | L62: True Shop Central Rama 2 | M62: ชำระครบ | O62: KBANK | P62: 890 | Q62: 17/8/2026 16:05 | R62: 4IPH172IMM520 | S62: Sheep Canvas 17 Pro - Hello Kitty | T62: 1 | U62: 990 | V62: 100.0 | W62: 890 | Y62: Sanrio x Sheep | Z62: =VLOOKUP(B62,Sheet1!A$4:F$4000,2,0) -> 80100565 | AA62: =VLOOKUP(B62,Sheet1!A$4:F$4000,3,0) -> True Shop Central Rama 2 | AB62: =VLOOKUP(B62,Sheet1!A$4:F$4000,4,0) -> BMA II - South West | AC62: =VLOOKUP(B62,Sheet1!A$4:F$4000,6,0) -> BMA
A63: RC-125-202608207 | B63: TRUE - Central Rama 9 | C63: POS | D63: 17/8/2026 | E63: 0.0 | F63: 0 | G63: 1188.83 | H63: 83.22 | I63: 1272.05 | J63: b | K63: สำเร็จ | L63: True Shop Central Rama 9 | M63: ชำระครบ | O63: KBANK | P63: 1272.05 | Q63: 17/8/2026 15:54 | R63: 0CLO000BAG016 | S63: Cloth Bag - ถุงผ้าส้ม (1:50) | T63: 1 | U63: 0 | V63: 0.0 | W63: 0 | Y63: In-house assets | Z63: =VLOOKUP(B63,Sheet1!A$4:F$4000,2,0) -> 80100623 | AA63: =VLOOKUP(B63,Sheet1!A$4:F$4000,3,0) -> True Shop Central Rama 9 | AB63: =VLOOKUP(B63,Sheet1!A$4:F$4000,4,0) -> BMA V - Central | AC63: =VLOOKUP(B63,Sheet1!A$4:F$4000,6,0) -> BMA
A64: RC-125-202608207 | B64: TRUE - Central Rama 9 | C64: POS | D64: 17/8/2026 | J64: b | K64: สำเร็จ | L64: True Shop Central Rama 9 | M64: ชำระครบ | R64: 4IPH162IMM520 | S64: Sheep Canvas 16 Pro - Hello Kitty | T64: 1 | U64: 990 | V64: 49.5 | W64: 940.5 | Y64: Sanrio x Sheep | Z64: =VLOOKUP(B64,Sheet1!A$4:F$4000,2,0) -> 80100623 | AA64: =VLOOKUP(B64,Sheet1!A$4:F$4000,3,0) -> True Shop Central Rama 9 | AB64: =VLOOKUP(B64,Sheet1!A$4:F$4000,4,0) -> BMA V - Central | AC64: =VLOOKUP(B64,Sheet1!A$4:F$4000,6,0) -> BMA
A65: RC-125-202608207 | B65: TRUE - Central Rama 9 | C65: POS | D65: 17/8/2026 | J65: b | K65: สำเร็จ | L65: True Shop Central Rama 9 | M65: ชำระครบ | R65: 4ACC999SGM520 | S65: Sheep Phone Grip - Hello Kitty | T65: 1 | U65: 349 | V65: 17.45 | W65: 331.55 | Y65: Sanrio x Sheep | Z65: =VLOOKUP(B65,Sheet1!A$4:F$4000,2,0) -> 80100623 | AA65: =VLOOKUP(B65,Sheet1!A$4:F$4000,3,0) -> True Shop Central Rama 9 | AB65: =VLOOKUP(B65,Sheet1!A$4:F$4000,4,0) -> BMA V - Central | AC65: =VLOOKUP(B65,Sheet1!A$4:F$4000,6,0) -> BMA
A66: RC-124-202608125 | B66: TRUE - Fashion Island | C66: POS | D66: 17/8/2026 | E66: 0.0 | F66: 0 | G66: 551.4 | H66: 38.6 | I66: 590 | J66: jp | K66: สำเร็จ | L66: True Shop Fashion Island | M66: ชำระครบ | O66: KBANK | P66: 590 | Q66: 17/8/2026 15:51 | R66: 5ARP605APC561 | S66: Sheep Case Airpods 4 - The Ranger | T66: 1 | U66: 590 | V66: 0.0 | W66: 590 | Y66: Disney x Sheep | Z66: =VLOOKUP(B66,Sheet1!A$4:F$4000,2,0) -> 80100925 | AA66: =VLOOKUP(B66,Sheet1!A$4:F$4000,3,0) -> True Shop Fashion Island | AB66: =VLOOKUP(B66,Sheet1!A$4:F$4000,4,0) -> BMA III - North East | AC66: =VLOOKUP(B66,Sheet1!A$4:F$4000,6,0) -> BMA
A67: RC-130-202608019 | B67: True Shop Central Festival Pattaya Beach | C67: POS | D67: 17/8/2026 | E67: 0.0 | F67: 0 | G67: 326.17 | H67: 22.83 | I67: 349 | J67: 01065595 | K67: สำเร็จ | L67: True Shop Central Festival Pattaya Beach | M67: ชำระครบ | O67: KBANK | P67: 349 | Q67: 17/8/2026 15:51 | R67: 5PHC999CHR560 | S67: Sheep Phone Charm - The Cowboy | T67: 1 | U67: 349 | V67: 0.0 | W67: 349 | Y67: Disney x Sheep | Z67: =VLOOKUP(B67,Sheet1!A$4:F$4000,2,0) -> 80100615 | AA67: =VLOOKUP(B67,Sheet1!A$4:F$4000,3,0) -> True Shop Central Festival Pattaya Beach | AB67: =VLOOKUP(B67,Sheet1!A$4:F$4000,4,0) -> UPC - East | AC67: =VLOOKUP(B67,Sheet1!A$4:F$4000,6,0) -> UPC II
A68: RC-206-202608016 | B68: True Shop Central West Gate (D) | C68: POS | D68: 17/8/2026 | E68: 0.0 | F68: 0 | G68: 551.4 | H68: 38.6 | I68: 590 | J68: 12809572 | K68: สำเร็จ | L68: True Shop Central West Gate (D) | M68: ชำระครบ | O68: KBANK | P68: 590 | Q68: 17/8/2026 15:41 | R68: 2IPH173SCM013 | S68: Sheep Clear Magsafe - iPhone 17 Pro Max | T68: 1 | U68: 690 | V68: 100.0 | W68: 590 | Y68: Sheep Clear | Z68: =VLOOKUP(B68,Sheet1!A$4:F$4000,2,0) -> 80101698 | AA68: =VLOOKUP(B68,Sheet1!A$4:F$4000,3,0) -> True Shop Central West Gate (D) | AB68: =VLOOKUP(B68,Sheet1!A$4:F$4000,4,0) -> BMA I - North West | AC68: =VLOOKUP(B68,Sheet1!A$4:F$4000,6,0) -> BMA
A69: RC-200-202608015 | B69: True Shop Central Plaza Ubon Ratchathani (D) | C69: POS | D69: 17/8/2026 | E69: 0.0 | F69: 0 | G69: 1289.72 | H69: 90.28 | I69: 1380 | J69: 12810131 | K69: สำเร็จ | L69: True Shop Central Plaza Ubon Ratchathani (D) | M69: ชำระครบ | O69: TTB | P69: 1380 | Q69: 17/8/2026 15:35 | R69: 2SIP173SGP013 | S69: Sheep Screen Protector Privacy Glass - iPhone 17 Pro Max | T69: 1 | U69: 690 | V69: 0.0 | W69: 690 | Y69: Screen Protector | Z69: =VLOOKUP(B69,Sheet1!A$4:F$4000,2,0) -> 80101712 | AA69: =VLOOKUP(B69,Sheet1!A$4:F$4000,3,0) -> True Shop Central Plaza Ubon Ratchathani (D) | AB69: =VLOOKUP(B69,Sheet1!A$4:F$4000,4,0) -> UPC - Central Northeast | AC69: =VLOOKUP(B69,Sheet1!A$4:F$4000,6,0) -> UPC I
A70: RC-200-202608015 | B70: True Shop Central Plaza Ubon Ratchathani (D) | C70: POS | D70: 17/8/2026 | J70: 12810131 | K70: สำเร็จ | L70: True Shop Central Plaza Ubon Ratchathani (D) | M70: ชำระครบ | R70: 2IPH173SCM013 | S70: Sheep Clear Magsafe - iPhone 17 Pro Max | T70: 1 | U70: 690 | V70: 0.0 | W70: 690 | Y70: Sheep Clear | Z70: =VLOOKUP(B70,Sheet1!A$4:F$4000,2,0) -> 80101712 | AA70: =VLOOKUP(B70,Sheet1!A$4:F$4000,3,0) -> True Shop Central Plaza Ubon Ratchathani (D) | AB70: =VLOOKUP(B70,Sheet1!A$4:F$4000,4,0) -> UPC - Central Northeast | AC70: =VLOOKUP(B70,Sheet1!A$4:F$4000,6,0) -> UPC I
A71: RC-155-202608011 | B71: True Shop Central World 4Fl. | C71: POS | D71: 17/8/2026 | E71: 0.0 | F71: 0 | G71: 551.4 | H71: 38.6 | I71: 590 | J71: 01055879 | K71: สำเร็จ | L71: True Shop Central World 4Fl. | M71: ชำระครบ | O71: TTB | P71: 590 | Q71: 17/8/2026 15:35 | R71: 2SSC506SCM001 | S71: Sheep Canvas Clear Black - S26 Ultra | T71: 1 | U71: 690 | V71: 100.0 | W71: 590 | Y71: Sheep Clear | Z71: =VLOOKUP(B71,Sheet1!A$4:F$4000,2,0) -> 80100836 | AA71: =VLOOKUP(B71,Sheet1!A$4:F$4000,3,0) -> True Shop Central World 4Fl. | AB71: =VLOOKUP(B71,Sheet1!A$4:F$4000,4,0) -> BMA V - Central | AC71: =VLOOKUP(B71,Sheet1!A$4:F$4000,6,0) -> BMA
A72: RC-184-202608017 | B72: True Shop Central Plaza Chaengwattana (D) | C72: POS | D72: 17/8/2026 | E72: 0.0 | F72: 0 | G72: 551.4 | H72: 38.6 | I72: 590 | K72: สำเร็จ | L72: True Shop Central Plaza Chaengwattana (D) | M72: ชำระครบ | O72: TTB | P72: 590 | Q72: 17/8/2026 15:35 | R72: 2IPH173SCM013 | S72: Sheep Clear Magsafe - iPhone 17 Pro Max | T72: 1 | U72: 690 | V72: 100.0 | W72: 590 | Y72: Sheep Clear | Z72: =VLOOKUP(B72,Sheet1!A$4:F$4000,2,0) -> 80101702 | AA72: =VLOOKUP(B72,Sheet1!A$4:F$4000,3,0) -> True Shop Central Plaza Chaengwattana (D) | AB72: =VLOOKUP(B72,Sheet1!A$4:F$4000,4,0) -> BMA I - North West | AC72: =VLOOKUP(B72,Sheet1!A$4:F$4000,6,0) -> BMA
A73: RC-75-202608009 | B73: True Shop Paradise Park Srinakarin | C73: POS | D73: 17/8/2026 | E73: 0.0 | F73: 0 | G73: 644.86 | H73: 45.14 | I73: 690 | J73: 010N6112 | K73: สำเร็จ | L73: True Shop Paradise Park Srinakarin | M73: ชำระครบ | O73: TTB | P73: 690 | Q73: 17/8/2026 15:26 | R73: 2IPH173SCM003 | S73: Sheep Canvas Clear Pink - iPhone 17 Pro Max | T73: 1 | U73: 690 | V73: 0.0 | W73: 690 | Y73: Sheep Clear | Z73: =VLOOKUP(B73,Sheet1!A$4:F$4000,2,0) -> 80101296 | AA73: =VLOOKUP(B73,Sheet1!A$4:F$4000,3,0) -> True Shop Paradise Park Srinakarin | AB73: =VLOOKUP(B73,Sheet1!A$4:F$4000,4,0) -> BMA IV - South East | AC73: =VLOOKUP(B73,Sheet1!A$4:F$4000,6,0) -> BMA
A74: RC-73-202608020 | B74: True Shop The Mall Nakhonratchasima 3Fl. | C74: POS | D74: 17/8/2026 | E74: 0.0 | F74: 0 | G74: 831.78 | H74: 58.22 | I74: 890 | J74: 010O5459 | K74: สำเร็จ | L74: True Shop The Mall Nakhonratchasima 3Fl. | M74: ชำระครบ | O74: KBANK | P74: 890 | Q74: 17/8/2026 15:22 | R74: 5IPH173IMM502 | S74: iPhone 17 Pro Max Magsafe - Stitch Beach | T74: 1 | U74: 990 | V74: 100.0 | W74: 890 | Y74: Disney x Sheep | Z74: =VLOOKUP(B74,Sheet1!A$4:F$4000,2,0) -> 80100487 | AA74: =VLOOKUP(B74,Sheet1!A$4:F$4000,3,0) -> True Shop The Mall Nakhonratchasima 3Fl. | AB74: =VLOOKUP(B74,Sheet1!A$4:F$4000,4,0) -> UPC - Lower Northeast | AC74: =VLOOKUP(B74,Sheet1!A$4:F$4000,6,0) -> UPC I
A75: RC-127-202608012 | B75: True Shop Central Rama 3 | C75: POS | D75: 17/8/2026 | E75: 0.0 | F75: 0 | G75: 831.78 | H75: 58.22 | I75: 890 | J75: 01049983 | K75: สำเร็จ | L75: True Shop Central Rama 3 | M75: ชำระครบ | O75: KBANK | P75: 890 | Q75: 17/8/2026 15:19 | R75: 9IPH173IMM515 | S75: iPhone 17 Pro Max Magsafe - Kawaii Monchhichi | T75: 1 | U75: 990 | V75: 100.0 | W75: 890 | Y75: Monchhichi TH | Z75: =VLOOKUP(B75,Sheet1!A$4:F$4000,2,0) -> 80101068 | AA75: =VLOOKUP(B75,Sheet1!A$4:F$4000,3,0) -> True Shop Central Rama 3 | AB75: =VLOOKUP(B75,Sheet1!A$4:F$4000,4,0) -> BMA V - Central | AC75: =VLOOKUP(B75,Sheet1!A$4:F$4000,6,0) -> BMA
A76: RC-154-202608027 | B76: True Shop Central Festival Phuket | C76: POS | D76: 17/8/2026 | E76: 0.0 | F76: 0 | G76: 1196.26 | H76: 83.74 | I76: 1280 | J76: 010E0152 | K76: สำเร็จ | L76: True Shop Central Festival Phuket | M76: ชำระครบ | O76: KBANK | P76: 1280 | Q76: 17/8/2026 15:00 | R76: 2SCP172BCG013 | S76: Sheep Bullet Camera Glass Clear iPhone 17 Pro /17 Pro Max | T76: 1 | U76: 290 | V76: 0.0 | W76: 290 | Y76: Screen Protector | Z76: =VLOOKUP(B76,Sheet1!A$4:F$4000,2,0) -> 80100476 | AA76: =VLOOKUP(B76,Sheet1!A$4:F$4000,3,0) -> True Shop Central Festival Phuket | AB76: =VLOOKUP(B76,Sheet1!A$4:F$4000,4,0) -> UPC - Upper South | AC76: =VLOOKUP(B76,Sheet1!A$4:F$4000,6,0) -> UPC II
A77: RC-154-202608027 | B77: True Shop Central Festival Phuket | C77: POS | D77: 17/8/2026 | J77: 010E0152 | K77: สำเร็จ | L77: True Shop Central Festival Phuket | M77: ชำระครบ | R77: 9IPH173IMM554 | S77: Sheep Canvas 17 Pro Max - Polcasan | T77: 1 | U77: 990 | V77: 0.0 | W77: 990 | Y77: Polcasan | Z77: =VLOOKUP(B77,Sheet1!A$4:F$4000,2,0) -> 80100476 | AA77: =VLOOKUP(B77,Sheet1!A$4:F$4000,3,0) -> True Shop Central Festival Phuket | AB77: =VLOOKUP(B77,Sheet1!A$4:F$4000,4,0) -> UPC - Upper South | AC77: =VLOOKUP(B77,Sheet1!A$4:F$4000,6,0) -> UPC II
A78: RC-42-202608020 | B78: True Shop Robinson Srisaman | C78: POS | D78: 17/8/2026 | E78: 0.0 | F78: 0 | G78: 1476.64 | H78: 103.36 | I78: 1580 | J78: 12809197 | K78: สำเร็จ | L78: True Shop Robinson Srisaman | M78: ชำระครบ | O78: KBANK | P78: 1580 | Q78: 17/8/2026 14:58 | R78: 2IPH160SCM013 | S78: Sheep Clear Magsafe - iPhone 16 | T78: 1 | U78: 690 | V78: 41.07 | W78: 648.93 | Y78: Sheep Clear | Z78: =VLOOKUP(B78,Sheet1!A$4:F$4000,2,0) -> 80101305 | AA78: =VLOOKUP(B78,Sheet1!A$4:F$4000,3,0) -> True Shop Robinson Sri Saman | AB78: =VLOOKUP(B78,Sheet1!A$4:F$4000,4,0) -> BMA I - North West | AC78: =VLOOKUP(B78,Sheet1!A$4:F$4000,6,0) -> BMA
A79: RC-42-202608020 | B79: True Shop Robinson Srisaman | C79: POS | D79: 17/8/2026 | J79: 12809197 | K79: สำเร็จ | L79: True Shop Robinson Srisaman | M79: ชำระครบ | R79: 4IPH170IMM516 | S79: Sheep Canvas 17 - Cinnamoroll | T79: 1 | U79: 990 | V79: 58.93 | W79: 931.07 | Y79: Sanrio x Sheep | Z79: =VLOOKUP(B79,Sheet1!A$4:F$4000,2,0) -> 80101305 | AA79: =VLOOKUP(B79,Sheet1!A$4:F$4000,3,0) -> True Shop Robinson Sri Saman | AB79: =VLOOKUP(B79,Sheet1!A$4:F$4000,4,0) -> BMA I - North West | AC79: =VLOOKUP(B79,Sheet1!A$4:F$4000,6,0) -> BMA
A80: RC-145-202608022 | B80: True Shop Seacon Bangkae | C80: POS | D80: 17/8/2026 | E80: 0.0 | F80: 0 | G80: 551.4 | H80: 38.6 | I80: 590 | J80: 12809796 | K80: สำเร็จ | L80: True Shop Seacon Bangkae | M80: ชำระครบ | O80: KBANK | P80: 590 | Q80: 17/8/2026 14:56 | R80: 2IPH170SCM555 | S80: Sheep Canvas Clear Matte Black - iPhone 17 | T80: 1 | U80: 690 | V80: 100.0 | W80: 590 | Y80: Sheep Clear | Z80: =VLOOKUP(B80,Sheet1!A$4:F$4000,2,0) -> 80100928 | AA80: =VLOOKUP(B80,Sheet1!A$4:F$4000,3,0) -> True Shop Seacon Bangkae | AB80: =VLOOKUP(B80,Sheet1!A$4:F$4000,4,0) -> BMA II - South West | AC80: =VLOOKUP(B80,Sheet1!A$4:F$4000,6,0) -> BMA
A81: RC-42-202608019 | B81: True Shop Robinson Srisaman | C81: POS | D81: 17/8/2026 | E81: 0.0 | F81: 0 | G81: 831.78 | H81: 58.22 | I81: 890 | J81: 010H9508 | K81: สำเร็จ | L81: True Shop Robinson Srisaman | M81: ชำระครบ | O81: KBANK | P81: 890 | Q81: 17/8/2026 14:38 | R81: 9IPH173IMM515 | S81: iPhone 17 Pro Max Magsafe - Kawaii Monchhichi | T81: 1 | U81: 990 | V81: 100.0 | W81: 890 | Y81: Monchhichi TH | Z81: =VLOOKUP(B81,Sheet1!A$4:F$4000,2,0) -> 80101305 | AA81: =VLOOKUP(B81,Sheet1!A$4:F$4000,3,0) -> True Shop Robinson Sri Saman | AB81: =VLOOKUP(B81,Sheet1!A$4:F$4000,4,0) -> BMA I - North West | AC81: =VLOOKUP(B81,Sheet1!A$4:F$4000,6,0) -> BMA
A82: RC-181-202608026 | B82: True Shop Central Northville | C82: POS | D82: 17/8/2026 | E82: 0.0 | F82: 0 | G82: 326.17 | H82: 22.83 | I82: 349 | J82: 12810288 | K82: สำเร็จ | L82: True Shop Central Northville | M82: ชำระครบ | O82: KBANK | P82: 349 | Q82: 17/8/2026 14:40 | R82: 4ACC999SGM520 | S82: Sheep Phone Grip - Hello Kitty | T82: 1 | U82: 349 | V82: 0.0 | W82: 349 | Y82: Sanrio x Sheep | Z82: =VLOOKUP(B82,Sheet1!A$4:F$4000,2,0) -> 80101713 | AA82: =VLOOKUP(B82,Sheet1!A$4:F$4000,3,0) -> True Shop Central Northville | AB82: =VLOOKUP(B82,Sheet1!A$4:F$4000,4,0) -> BMA I - North West | AC82: =VLOOKUP(B82,Sheet1!A$4:F$4000,6,0) -> BMA
A83: RC-125-202608206 | B83: TRUE - Central Rama 9 | C83: POS | D83: 17/8/2026 | E83: 0.0 | F83: 0 | G83: 925.23 | H83: 64.77 | I83: 990 | J83: b | K83: สำเร็จ | L83: True Shop Central Rama 9 | M83: ชำระครบ | O83: KBANK | P83: 990 | Q83: 17/8/2026 14:32 | R83: 0CLO000BAG016 | S83: Cloth Bag - ถุงผ้าส้ม (1:50) | T83: 1 | U83: 0 | V83: 0.0 | W83: 0 | Y83: In-house assets | Z83: =VLOOKUP(B83,Sheet1!A$4:F$4000,2,0) -> 80100623 | AA83: =VLOOKUP(B83,Sheet1!A$4:F$4000,3,0) -> True Shop Central Rama 9 | AB83: =VLOOKUP(B83,Sheet1!A$4:F$4000,4,0) -> BMA V - Central | AC83: =VLOOKUP(B83,Sheet1!A$4:F$4000,6,0) -> BMA
A84: RC-125-202608206 | B84: TRUE - Central Rama 9 | C84: POS | D84: 17/8/2026 | J84: b | K84: สำเร็จ | L84: True Shop Central Rama 9 | M84: ชำระครบ | R84: 4IPH162IMM518 | S84: Sheep Canvas 16 Pro - Pochacco | T84: 1 | U84: 990 | V84: 0.0 | W84: 990 | Y84: Sanrio x Sheep | Z84: =VLOOKUP(B84,Sheet1!A$4:F$4000,2,0) -> 80100623 | AA84: =VLOOKUP(B84,Sheet1!A$4:F$4000,3,0) -> True Shop Central Rama 9 | AB84: =VLOOKUP(B84,Sheet1!A$4:F$4000,4,0) -> BMA V - Central | AC84: =VLOOKUP(B84,Sheet1!A$4:F$4000,6,0) -> BMA
A85: RC-65-202608007 | B85: True Shop Central Lampang | C85: POS | D85: 17/8/2026 | E85: 0.0 | F85: 0 | G85: 644.86 | H85: 45.14 | I85: 690 | J85: 12809315 | K85: สำเร็จ | L85: True Shop Central Lampang | M85: ชำระครบ | O85: TTB | P85: 690 | Q85: 17/8/2026 14:24 | R85: 2IPH173SCM013 | S85: Sheep Clear Magsafe - iPhone 17 Pro Max | T85: 1 | U85: 690 | V85: 0.0 | W85: 690 | Y85: Sheep Clear | Z85: =VLOOKUP(B85,Sheet1!A$4:F$4000,2,0) -> 80101117 | AA85: =VLOOKUP(B85,Sheet1!A$4:F$4000,3,0) -> True Shop Central Lampang | AB85: =VLOOKUP(B85,Sheet1!A$4:F$4000,4,0) -> UPC - Upper North | AC85: =VLOOKUP(B85,Sheet1!A$4:F$4000,6,0) -> UPC I
A86: RC-208-202608039 | B86: True Shop Central Khonkaen | C86: POS | D86: 17/8/2026 | E86: 0.0 | F86: 0 | G86: 551.4 | H86: 38.6 | I86: 590 | J86: 010E5070 | K86: สำเร็จ | L86: True Shop Central Khonkaen | M86: ชำระครบ | O86: KBANK | P86: 590 | Q86: 17/8/2026 14:14 | R86: 2IPH172SCM013 | S86: Sheep Clear Magsafe - iPhone 17 Pro | T86: 1 | U86: 690 | V86: 100.0 | W86: 590 | Y86: Sheep Clear | Z86: =VLOOKUP(B86,Sheet1!A$4:F$4000,2,0) -> 80101183 | AA86: =VLOOKUP(B86,Sheet1!A$4:F$4000,3,0) -> True Shop Central Khonkaen | AB86: =VLOOKUP(B86,Sheet1!A$4:F$4000,4,0) -> UPC - Upper Northeast | AC86: =VLOOKUP(B86,Sheet1!A$4:F$4000,6,0) -> UPC I
A87: RC-114-202608031 | B87: True Shop Robinson Kanchanaburi | C87: POS | D87: 17/8/2026 | E87: 0.0 | F87: 0 | G87: 925.23 | H87: 64.77 | I87: 990 | J87: 010H2136 | K87: สำเร็จ | L87: True Shop Robinson Kanchanaburi | M87: ชำระครบ | O87: TTB | P87: 990 | Q87: 17/8/2026 14:14 | R87: 4IPH170IMM520 | S87: Sheep Canvas 17 - Hello Kitty | T87: 1 | U87: 990 | V87: 0.0 | W87: 990 | Y87: Sanrio x Sheep | Z87: =VLOOKUP(B87,Sheet1!A$4:F$4000,2,0) -> 80101312 | AA87: =VLOOKUP(B87,Sheet1!A$4:F$4000,3,0) -> True Shop Robinson Kanchanaburi | AB87: =VLOOKUP(B87,Sheet1!A$4:F$4000,4,0) -> UPC - West | AC87: =VLOOKUP(B87,Sheet1!A$4:F$4000,6,0) -> UPC II
A88: RC-179-202608052 | B88: True Shop Megabangna | C88: POS | D88: 17/8/2026 | E88: 0.0 | F88: 0 | G88: 551.4 | H88: 38.6 | I88: 590 | J88: 01056426 | K88: สำเร็จ | L88: True Shop Mega Bangna | M88: ชำระครบ | O88: KBANK | P88: 590 | Q88: 17/8/2026 14:07 | R88: 2IPH173SCM013 | S88: Sheep Clear Magsafe - iPhone 17 Pro Max | T88: 1 | U88: 690 | V88: 100.0 | W88: 590 | Y88: Sheep Clear | Z88: =VLOOKUP(B88,Sheet1!A$4:F$4000,2,0) -> 80101070 | AA88: =VLOOKUP(B88,Sheet1!A$4:F$4000,3,0) -> True Shop Mega Bangna | AB88: =VLOOKUP(B88,Sheet1!A$4:F$4000,4,0) -> BMA IV - South East | AC88: =VLOOKUP(B88,Sheet1!A$4:F$4000,6,0) -> BMA
A89: RC-140-202608045 | B89: True Shop Central Plaza Mahachai | C89: POS | D89: 17/8/2026 | E89: 0.0 | F89: 0 | G89: 831.78 | H89: 58.22 | I89: 890 | J89: 01085573 | K89: สำเร็จ | L89: True Shop Central Plaza Mahachai | M89: ชำระครบ | O89: TTB | P89: 890 | Q89: 17/8/2026 14:06 | R89: 5IPH173IMM504 | S89: iPhone 17 Pro Max Magsafe - Stitch Aloha | T89: 1 | U89: 990 | V89: 100.0 | W89: 890 | Y89: Disney x Sheep | Z89: =VLOOKUP(B89,Sheet1!A$4:F$4000,2,0) -> 80100840 | AA89: =VLOOKUP(B89,Sheet1!A$4:F$4000,3,0) -> True Shop Central Plaza Mahachai | AB89: =VLOOKUP(B89,Sheet1!A$4:F$4000,4,0) -> UPC - West | AC89: =VLOOKUP(B89,Sheet1!A$4:F$4000,6,0) -> UPC II
A90: RC-124-202608124 | B90: TRUE - Fashion Island | C90: POS | D90: 17/8/2026 | E90: 0.0 | F90: 0 | G90: 831.78 | H90: 58.22 | I90: 890 | J90: jp | K90: สำเร็จ | L90: True Shop Fashion Island | M90: ชำระครบ | O90: KBANK | P90: 890 | Q90: 17/8/2026 13:55 | R90: 4IPH170IMM522 | S90: Sheep Canvas 17 - Little Twin Stars | T90: 1 | U90: 990 | V90: 100.0 | W90: 890 | Y90: Sanrio x Sheep | Z90: =VLOOKUP(B90,Sheet1!A$4:F$4000,2,0) -> 80100925 | AA90: =VLOOKUP(B90,Sheet1!A$4:F$4000,3,0) -> True Shop Fashion Island | AB90: =VLOOKUP(B90,Sheet1!A$4:F$4000,4,0) -> BMA III - North East | AC90: =VLOOKUP(B90,Sheet1!A$4:F$4000,6,0) -> BMA
A91: RC-124-202608124 | B91: TRUE - Fashion Island | C91: POS | D91: 17/8/2026 | J91: jp | K91: สำเร็จ | L91: True Shop Fashion Island | M91: ชำระครบ | R91: 0CLO000BAG016 | S91: Cloth Bag - ถุงผ้าส้ม (1:50) | T91: 1 | U91: 0 | V91: 0.0 | W91: 0 | Y91: In-house assets | Z91: =VLOOKUP(B91,Sheet1!A$4:F$4000,2,0) -> 80100925 | AA91: =VLOOKUP(B91,Sheet1!A$4:F$4000,3,0) -> True Shop Fashion Island | AB91: =VLOOKUP(B91,Sheet1!A$4:F$4000,4,0) -> BMA III - North East | AC91: =VLOOKUP(B91,Sheet1!A$4:F$4000,6,0) -> BMA
A92: RC-165-202608013 | B92: True Shop Central Ubonratchathani | C92: POS | D92: 17/8/2026 | E92: 0.0 | F92: 0 | G92: 831.78 | H92: 58.22 | I92: 890 | J92: 12810260 | K92: สำเร็จ | L92: True Shop Central Ubonratchathani | M92: ชำระครบ | O92: KBANK | P92: 890 | Q92: 17/8/2026 13:54 | R92: 9IPH172IMM514 | S92: iPhone 17 Pro Magsafe - Monchhichi | T92: 1 | U92: 990 | V92: 100.0 | W92: 890 | Y92: Monchhichi TH | Z92: =VLOOKUP(B92,Sheet1!A$4:F$4000,2,0) -> 80101266 | AA92: =VLOOKUP(B92,Sheet1!A$4:F$4000,3,0) -> True Shop Central Ubonratchathani | AB92: =VLOOKUP(B92,Sheet1!A$4:F$4000,4,0) -> UPC - Central Northeast | AC92: =VLOOKUP(B92,Sheet1!A$4:F$4000,6,0) -> UPC I
A93: RC-135-202608023 | B93: True Shop Central Phitsanulok | C93: POS | D93: 17/8/2026 | E93: 0.0 | F93: 0 | G93: 831.78 | H93: 58.22 | I93: 890 | J93: 12807868 | K93: สำเร็จ | L93: True Shop Central Phitsanulok | M93: ชำระครบ | O93: KBANK | P93: 890 | Q93: 17/8/2026 13:53 | R93: 4IPH173IMM520 | S93: Sheep Canvas 17 Pro Max - Hello Kitty | T93: 1 | U93: 990 | V93: 100.0 | W93: 890 | Y93: Sanrio x Sheep | Z93: =VLOOKUP(B93,Sheet1!A$4:F$4000,2,0) -> 80101198 | AA93: =VLOOKUP(B93,Sheet1!A$4:F$4000,3,0) -> True Shop Central Phitsanulok | AB93: =VLOOKUP(B93,Sheet1!A$4:F$4000,4,0) -> UPC - Lower North | AC93: =VLOOKUP(B93,Sheet1!A$4:F$4000,6,0) -> UPC I
A94: RC-145-202608021 | B94: True Shop Seacon Bangkae | C94: POS | D94: 17/8/2026 | E94: 0.0 | F94: 0 | G94: 1009.35 | H94: 70.65 | I94: 1080 | J94: 12809514 | K94: สำเร็จ | L94: True Shop Seacon Bangkae | M94: ชำระครบ | O94: KBANK | P94: 1080 | Q94: 17/8/2026 13:45 | R94: 2IPH172SCM013 | S94: Sheep Clear Magsafe - iPhone 17 Pro | T94: 1 | U94: 690 | V94: 58.47 | W94: 631.53 | Y94: Sheep Clear | Z94: =VLOOKUP(B94,Sheet1!A$4:F$4000,2,0) -> 80100928 | AA94: =VLOOKUP(B94,Sheet1!A$4:F$4000,3,0) -> True Shop Seacon Bangkae | AB94: =VLOOKUP(B94,Sheet1!A$4:F$4000,4,0) -> BMA II - South West | AC94: =VLOOKUP(B94,Sheet1!A$4:F$4000,6,0) -> BMA
A95: RC-145-202608021 | B95: True Shop Seacon Bangkae | C95: POS | D95: 17/8/2026 | J95: 12809514 | K95: สำเร็จ | L95: True Shop Seacon Bangkae | M95: ชำระครบ | R95: 2SIP172SPC013 | S95: Sheep Screen Protector Clear - iPhone 17 Pro | T95: 1 | U95: 490 | V95: 41.53 | W95: 448.47 | Y95: Screen Protector | Z95: =VLOOKUP(B95,Sheet1!A$4:F$4000,2,0) -> 80100928 | AA95: =VLOOKUP(B95,Sheet1!A$4:F$4000,3,0) -> True Shop Seacon Bangkae | AB95: =VLOOKUP(B95,Sheet1!A$4:F$4000,4,0) -> BMA II - South West | AC95: =VLOOKUP(B95,Sheet1!A$4:F$4000,6,0) -> BMA
A96: RC-179-202608051 | B96: True Shop Megabangna | C96: POS | D96: 17/8/2026 | E96: 0.0 | F96: 0 | G96: 644.86 | H96: 45.14 | I96: 690 | K96: สำเร็จ | L96: True Shop Mega Bangna | M96: ชำระครบ | O96: KBANK | P96: 690 | Q96: 17/8/2026 13:44 | R96: 2SIP173SGP013 | S96: Sheep Screen Protector Privacy Glass - iPhone 17 Pro Max | T96: 1 | U96: 690 | V96: 0.0 | W96: 690 | Y96: Screen Protector | Z96: =VLOOKUP(B96,Sheet1!A$4:F$4000,2,0) -> 80101070 | AA96: =VLOOKUP(B96,Sheet1!A$4:F$4000,3,0) -> True Shop Mega Bangna | AB96: =VLOOKUP(B96,Sheet1!A$4:F$4000,4,0) -> BMA IV - South East | AC96: =VLOOKUP(B96,Sheet1!A$4:F$4000,6,0) -> BMA
A97: RC-179-202608050 | B97: True Shop Megabangna | C97: POS | D97: 17/8/2026 | E97: 0.0 | F97: 0 | G97: 551.4 | H97: 38.6 | I97: 590 | J97: 01046318 | K97: สำเร็จ | L97: True Shop Mega Bangna | M97: ชำระครบ | O97: KBANK | P97: 590 | Q97: 17/8/2026 13:43 | R97: 2IPH173SCM013 | S97: Sheep Clear Magsafe - iPhone 17 Pro Max | T97: 1 | U97: 690 | V97: 100.0 | W97: 590 | Y97: Sheep Clear | Z97: =VLOOKUP(B97,Sheet1!A$4:F$4000,2,0) -> 80101070 | AA97: =VLOOKUP(B97,Sheet1!A$4:F$4000,3,0) -> True Shop Mega Bangna | AB97: =VLOOKUP(B97,Sheet1!A$4:F$4000,4,0) -> BMA IV - South East | AC97: =VLOOKUP(B97,Sheet1!A$4:F$4000,6,0) -> BMA
A98: RC-194-202608006 | B98: True Shop Central Plaza Khon Kaen (D) | C98: POS | D98: 17/8/2026 | E98: 0.0 | F98: 0 | G98: 551.4 | H98: 38.6 | I98: 590 | K98: สำเร็จ | L98: True Shop Central Plaza Khon Kaen (D) | M98: ชำระครบ | O98: KBANK | P98: 590 | Q98: 17/8/2026 13:40 | R98: 2SSC506SCM555 | S98: Sheep Canvas Clear Matte Black - S26 Ultra | T98: 1 | U98: 690 | V98: 100.0 | W98: 590 | Y98: Sheep Clear | Z98: =VLOOKUP(B98,Sheet1!A$4:F$4000,2,0) -> 80101703 | AA98: =VLOOKUP(B98,Sheet1!A$4:F$4000,3,0) -> True Shop Central Plaza Khon Kaen (D) | AB98: =VLOOKUP(B98,Sheet1!A$4:F$4000,4,0) -> UPC - Upper Northeast | AC98: =VLOOKUP(B98,Sheet1!A$4:F$4000,6,0) -> UPC I
A99: RC-170-202608036 | B99: True Shop Central Plaza Nakhon Ratchasima | C99: POS | D99: 17/8/2026 | E99: 0.0 | F99: 0 | G99: 644.86 | H99: 45.14 | I99: 690 | J99: 12808706 | K99: สำเร็จ | L99: True Shop Central Plaza Nakhon Ratchasima | M99: ชำระครบ | O99: KBANK | P99: 690 | Q99: 17/8/2026 13:26 | R99: 2IPH173SCM013 | S99: Sheep Clear Magsafe - iPhone 17 Pro Max | T99: 1 | U99: 690 | V99: 0.0 | W99: 690 | Y99: Sheep Clear | Z99: =VLOOKUP(B99,Sheet1!A$4:F$4000,2,0) -> 80101119 | AA99: =VLOOKUP(B99,Sheet1!A$4:F$4000,3,0) -> True Shop Central Plaza Nakhon Ratchasima | AB99: =VLOOKUP(B99,Sheet1!A$4:F$4000,4,0) -> UPC - Lower Northeast | AC99: =VLOOKUP(B99,Sheet1!A$4:F$4000,6,0) -> UPC I
A100: RC-71-202608026 | B100: True Shop Robinson Roi-Et | C100: POS | D100: 17/8/2026 | E100: 0.0 | F100: 0 | G100: 925.23 | H100: 64.77 | I100: 990 | J100: 12807624 | K100: สำเร็จ | L100: True Shop Robinson Roi-Et | M100: ชำระครบ | O100: KBANK | P100: 990 | Q100: 17/8/2026 13:03 | R100: 5IPH173IMM504 | S100: iPhone 17 Pro Max Magsafe - Stitch Aloha | T100: 1 | U100: 990 | V100: 0.0 | W100: 990 | Y100: Disney x Sheep | Z100: =VLOOKUP(B100,Sheet1!A$4:F$4000,2,0) -> 80101303 | AA100: =VLOOKUP(B100,Sheet1!A$4:F$4000,3,0) -> True Shop Robinson Roi-Et | AB100: =VLOOKUP(B100,Sheet1!A$4:F$4000,4,0) -> UPC - Central Northeast | AC100: =VLOOKUP(B100,Sheet1!A$4:F$4000,6,0) -> UPC I
...

Sheet Sheet1
B3: Shop Name | C3: Shop Name | D3: AREA | E3: Type
A4: True Shop Central Chaengwattana | B4: 80101182 | C4: True Shop Central Chaengwattana | D4: BMA I - North West | E4: Wall | F4: BMA
A5: True Shop Central Westgate | B5: 80101185 | C5: True Shop Central West Gate | D5: BMA I - North West | E5: Wall | F5: BMA
A6: True Shop The mall Bangkae | B6: 80100484 | C6: True Shop The Mall Bangkae 2Fl. | D6: BMA II - South West | E6: Wall | F6: BMA
A7: TRUE - Fashion Island | B7: 80100925 | C7: True Shop Fashion Island | D7: BMA III - North East | E7: SIS | F7: BMA
A8: True Shop The mall Bangkapi | B8: 80100481 | C8: True Shop The Mall Bangkapi | D8: BMA IV - South East | E8: Wall | F8: BMA
A9: True Shop Seacon square | B9: 80101065 | C9: True Shop Seacon Square | D9: BMA IV - South East | E9: Wall | F9: BMA
A10: True Shop Megabangna | B10: 80101070 | C10: True Shop Mega Bangna | D10: BMA IV - South East | E10: Wall | F10: BMA
A11: True Shop Central Rama9 4Fl. | B11: 80100622 | C11: True Shop Central Rama 9 4Fl. | D11: BMA V - Central | E11: Wall | F11: BMA
A12: TRUE - Central Rama 9 | B12: 80100623 | C12: True Shop Central Rama 9 | D12: BMA V - Central | E12: SIS | F12: BMA
A13: True Shop Central World 4Fl. | B13: 80100836 | C13: True Shop Central World 4Fl. | D13: BMA V - Central | E13: Wall | F13: BMA
A14: True Shop Central East Ville | B14: 80101186 | C14: True Shop Central Festival East Ville | D14: BMA V - Central | E14: Wall | F14: BMA
A15: True Shop Emquartier | B15: 80101221 | C15: True Shop Emquartier | D15: BMA V - Central | E15: Wall | F15: BMA
... A71: True Shop Chamchuri Square 1 | B71: 80101363 | C71: True shop Chamchuri Square 1 | D71: BMA V - Central | E71: Wall | F71: BMA
A72: True Shop Robinson Ratchapruek | B72: 80101584 | C72: True Shop Robinson Ratchapruek | D72: BMA I - North West | F72: BMA
A73: True Shop Wongsawang Town Center | B73: 80101180 | C73: True Shop Wongsawang Town Center | D73: BMA I - North West | F73: BMA
A74: True Shop Big C Sainoi Nonthaburi | B74: 80101218 | C74: True Shop Big C Sainoi Nonthaburi | D74: BMA I - North West | F74: BMA
A75: True Shop Big C Chaengwattana | B75: 80101271 | C75: True Shop Big C Chaengwattana | D75: BMA I - North West | F75: BMA
A76: True Shop Central Plaza Ramindra 1FL. | B76: 80101264 | C76: True Shop Central Plaza Ramindra 1FL. | D76: BMA I - North West | F76: BMA
A77: True Shop Lotus's Sukhapibal 3 | B77: 80101123 | C77: True Shop Lotus's Sukhapibal 3 | D77: BMA III - North East | F77: BMA
A78: True Shop iPlace Latkrabang | B78: 80101350 | C78: True Shop iPlace Latkrabang | D78: BMA III - North East | F78: BMA
A79: True Shop Paradise Park Srinakarin | B79: 80101296 | C79: True Shop Paradise Park Srinakarin | D79: BMA IV - South East | F79: BMA
A80: True Shop Imperial World Samrong | B80: 80101418 | C80: True Shop Imperial World Samrong | D80: BMA IV - South East | F80: BMA
A81: True Shop Robinson Lopburi | B81: 80101307 | C81: True Shop Robinson Lopburi | D81: UPC - Central | F81: UPC II
A82: True Shop The Walk Nakornsawan | B82: 80100763 | C82: True Shop The Walk Nakornsawan | D82: UPC - Central | F82: UPC II
A83: True Move Shop Taweekit Complex Saraburi | B83: 80100841 | C83: True Move Shop Taweekit Complex Saraburi | D83: UPC - Central | F83: UPC II
... A112: True Shop Seacon Square 2 | B112: 80101071 | C112: True Shop Seacon Square 2 | D112: BMA IV - South East | F112: BMA
A113: True Shop Central Krabi | B113: 80101647 | C113: True Shop Central Krabi | D113: UPC - Upper South | E113: Wall | F113: UPC II
A114: True Shop Lotus's Bangna-trad | B114: 80101632 | C114: True Shop Lotus's Bangna-trad | D114: BMA IV - South East | F114: BMA
A115: True Shop Central Northville | B115: 80101713 | C115: True Shop Central Northville | D115: BMA I - North West | E115: Wall | F115: BMA
A116: True Shop Central Plaza Chaengwattana (D) | B116: 80101702 | C116: True Shop Central Plaza Chaengwattana (D) | D116: BMA I - North West | F116: BMA
A117: True Shop Future Park Rangsit (2 nd.) (D) | B117: 80101707 | C117: True Shop Future Park Rangsit (2 nd.) (D) | D117: BMA III - North East | F117: BMA
A118: True Shop Future Park Rangsit (G Fl.) (D) | B118: 80101708 | C118: True Shop Future Park Rangsit (G Fl.) (D) | D118: BMA III - North East | F118: BMA
A119: True Shop Mega Bangna (D) | B119: 80101709 | C119: True Shop Mega Bangna (D) | D119: BMA IV - South East | F119: BMA
A120: True Shop Ayutthaya (D) | B120: 80101691 | C120: True Shop Ayutthaya (D) | D120: UPC - Central | F120: UPC II
A121: True Shop Central Rayong (D) | B121: 80101695 | C121: True Shop Central Rayong (D) | D121: UPC - East | F121: UPC II
A122: True Shop Central Festival Pattaya (D) | B122: 80101700 | C122: True Shop Central Festival Pattaya (D) | D122: UPC - East | F122: UPC II
A123: True Shop Central Plaza Khon Kaen (D) | B123: 80101703 | C123: True Shop Central Plaza Khon Kaen (D) | D123: UPC - Upper Northeast | F123: UPC I
A124: True Shop Central Plaza Mahachai (D) | B124: 80101693 | C124: True Shop Central Plaza Mahachai (D) | D124: UPC - West | F124: UPC II
A125: True Shop Central Salaya (D) | B125: 80101696 | C125: True Shop Central Salaya (D) | D125: UPC - West | F125: UPC II
A126: True Shop Central Plaza Ubon Ratchathani (D) | B126: 80101712 | C126: True Shop Central Plaza Ubon Ratchathani (D) | D126: UPC - Central Northeast | F126: UPC I
A127: True Shop The Mall Korat (D) | B127: 80101711 | C127: True Shop The Mall Korat (D) | D127: UPC - Lower Northeast | F127: UPC I
... A134: True Shop Fashion Island (D) | B134: 80101706 | C134: True Shop Fashion Island (D) | D134: BMA III - North East | F134: BMA

Sheet Performance Staff
A1: Id Staff | B1: Staff Name | C1: Emp Type | D1: Shop code | E1: Shop Name | F1: Area | G1: Shop Type | H1: Regional | I1: Target Net Amounr | J1: Ach | K1: %Ach | L1: Target QTY | M1: Ach | N1: %Ach
A2: 01056670 | B2: จิราภรณ์ ทองชัย | C2: Ret_chpn_1 | D2: 80100477 | E2: True Shop Central Ladprao | F2: BMA I - North West | G2: Matching | H2: BMA | I2: 455.62126 | J2: =IFERROR(VLOOKUP(A2,'PV Sheep mail'!M$4:O$140000,3,0),0) -> 0 | K2: =J2/I2 -> 0 | L2: 0.60550459 | M2: =IFERROR(VLOOKUP(A2,'PV Sheep mail'!M$4:O$140000,2,0),0) -> 0 | N2: =M2/L2 -> 0
A3: 01091825 | B3: ณัฐวนัส ชูมณี | C3: Ret_chpn_1 | D3: 80100477 | E3: True Shop Central Ladprao | F3: BMA I - North West | G3: Matching | H3: BMA | I3: 455.62126 | J3: =IFERROR(VLOOKUP(A3,'PV Sheep mail'!M$4:O$140000,3,0),0) -> 0 | K3: =J3/I3 -> 0 | L3: 0.60550459 | M3: =IFERROR(VLOOKUP(A3,'PV Sheep mail'!M$4:O$140000,2,0),0) -> 0 | N3: =M3/L3 -> 0
A4: 01075126 | B4: ณัฐิกา เหลือนาง | C4: Ret_chpn_1 | D4: 80100477 | E4: True Shop Central Ladprao | F4: BMA I - North West | G4: Matching | H4: BMA | I4: 455.62126 | J4: =IFERROR(VLOOKUP(A4,'PV Sheep mail'!M$4:O$140000,3,0),0) -> 0 | K4: =J4/I4 -> 0 | L4: 0.60550459 | M4: =IFERROR(VLOOKUP(A4,'PV Sheep mail'!M$4:O$140000,2,0),0) -> 0 | N4: =M4/L4 -> 0
A5: 01069687 | B5: ทรงวุฒิ เฟื่องเกษม | C5: Ret_chpn_1 | D5: 80100477 | E5: True Shop Central Ladprao | F5: BMA I - North West | G5: Matching | H5: BMA | I5: 455.62126 | J5: =IFERROR(VLOOKUP(A5,'PV Sheep mail'!M$4:O$140000,3,0),0) -> 0 | K5: =J5/I5 -> 0 | L5: 0.60550459 | M5: =IFERROR(VLOOKUP(A5,'PV Sheep mail'!M$4:O$140000,2,0),0) -> 0 | N5: =M5/L5 -> 0
A6: 01092138 | B6: พนิดา ณรงค์ชัย | C6: Ret_chpn_1 | D6: 80100477 | E6: True Shop Central Ladprao | F6: BMA I - North West | G6: Matching | H6: BMA | I6: 455.62126 | J6: =IFERROR(VLOOKUP(A6,'PV Sheep mail'!M$4:O$140000,3,0),0) -> 0 | K6: =J6/I6 -> 0 | L6: 0.60550459 | M6: =IFERROR(VLOOKUP(A6,'PV Sheep mail'!M$4:O$140000,2,0),0) -> 0 | N6: =M6/L6 -> 0
A7: 12808834 | B7: พันธุ์รักษ์ เกตุโรจน์ | C7: Ret_chpn_1 | D7: 80100477 | E7: True Shop Central Ladprao | F7: BMA I - North West | G7: Matching | H7: BMA | I7: 455.62126 | J7: =IFERROR(VLOOKUP(A7,'PV Sheep mail'!M$4:O$140000,3,0),0) -> 0 | K7: =J7/I7 -> 0 | L7: 0.60550459 | M7: =IFERROR(VLOOKUP(A7,'PV Sheep mail'!M$4:O$140000,2,0),0) -> 0 | N7: =M7/L7 -> 0
A8: 01049964 | B8: ไพลิน จันทร์สมดี | C8: Ret_chpn_1 | D8: 80100477 | E8: True Shop Central Ladprao | F8: BMA I - North West | G8: Matching | H8: BMA | I8: 455.62126 | J8: =IFERROR(VLOOKUP(A8,'PV Sheep mail'!M$4:O$140000,3,0),0) -> 0 | K8: =J8/I8 -> 0 | L8: 0.60550459 | M8: =IFERROR(VLOOKUP(A8,'PV Sheep mail'!M$4:O$140000,2,0),0) -> 0 | N8: =M8/L8 -> 0
A9: 01069181 | B9: สุธาทิพย์ ไพโรจน์พิริยะกุล | C9: Ret_chpn_1 | D9: 80100477 | E9: True Shop Central Ladprao | F9: BMA I - North West | G9: Matching | H9: BMA | I9: 455.62126 | J9: =IFERROR(VLOOKUP(A9,'PV Sheep mail'!M$4:O$140000,3,0),0) -> 0 | K9: =J9/I9 -> 0 | L9: 0.60550459 | M9: =IFERROR(VLOOKUP(A9,'PV Sheep mail'!M$4:O$140000,2,0),0) -> 0 | N9: =M9/L9 -> 0
A10: 39116996 | B10: นรวัฒน์ คล้ายแตง | C10: RR_ITF | D10: 80100477 | E10: True Shop Central Ladprao | F10: BMA I - North West | G10: Matching | H10: BMA | I10: 3644.9701 | J10: =IFERROR(VLOOKUP(A10,'PV Sheep mail'!M$4:O$140000,3,0),0) -> 590 | K10: =J10/I10 -> 0.1618669 | L10: 4.8440367 | M10: =IFERROR(VLOOKUP(A10,'PV Sheep mail'!M$4:O$140000,2,0),0) -> 1 | N10: =M10/L10 -> 0.20643939
A11: 010F8563 | B11: บุพกากร แสงบดี | C11: RR_ITF_Apple | D11: 80100477 | E11: True Shop Central Ladprao | F11: BMA I - North West | G11: Matching | H11: BMA | I11: 3644.9701 | J11: =IFERROR(VLOOKUP(A11,'PV Sheep mail'!M$4:O$140000,3,0),0) -> 1870 | K11: =J11/I11 -> 0.51303576 | L11: 4.8440367 | M11: =IFERROR(VLOOKUP(A11,'PV Sheep mail'!M$4:O$140000,2,0),0) -> 3 | N11: =M11/L11 -> 0.61931818
A12: 01043914 | B12: พรเลิศ คุณเจริญ | C12: RR_ITF | D12: 80100477 | E12: True Shop Central Ladprao | F12: BMA I - North West | G12: Matching | H12: BMA | I12: 3644.9701 | J12: =IFERROR(VLOOKUP(A12,'PV Sheep mail'!M$4:O$140000,3,0),0) -> 5410 | K12: =J12/I12 -> 1.4842372 | L12: 4.8440367 | M12: =IFERROR(VLOOKUP(A12,'PV Sheep mail'!M$4:O$140000,2,0),0) -> 9 | N12: =M12/L12 -> 1.8579545
A13: 01089720 | B13: รติพร ศุภพิทักษ์ไพบูลย์ | C13: RR_ITF_Apple | D13: 80100477 | E13: True Shop Central Ladprao | F13: BMA I - North West | G13: Matching | H13: BMA | I13: 3644.9701 | J13: =IFERROR(VLOOKUP(A13,'PV Sheep mail'!M$4:O$140000,3,0),0) -> 690 | K13: =J13/I13 -> 0.18930197 | L13: 4.8440367 | M13: =IFERROR(VLOOKUP(A13,'PV Sheep mail'!M$4:O$140000,2,0),0) -> 1 | N13: =M13/L13 -> 0.20643939
... A1056: 12810257 | B1056: ดวงเนตร รักท้วม | C1056: RR_Multi | D1056: 80101693 | E1056: True Shop (dtac) Central Plaza Mahachai 2Fl. | F1056: UPC - West | G1056: Hall | H1056: UPC II | I1056: 1250 | J1056: =IFERROR(VLOOKUP(A1056,'PV Sheep mail'!M$4:O$140000,3,0),0) -> 0 | K1056: =J1056/I1056 -> 0 | L1056: 1.875 | M1056: =IFERROR(VLOOKUP(A1056,'PV Sheep mail'!M$4:O$140000,2,0),0) -> 0 | N1056: =M1056/L1056 -> 0
